id,subject,category,question,choice_a,choice_b,choice_c,choice_d,answer,correct_feedback,incorrect_feedback
1,Powerplant,Pao_D_gentleman_Final_QUiz,Find the work posses for a helium gas at 20C.,609 kj/kg,168 kj/kg,229 kj/kg,339 kj/kg,A,Nice Napakahusay tama!,Ay naku mali pa!
2,Powerplant,Pao_D_gentleman_Final_QUiz,Two kilogram of gas is confined in a 1m^3 tank 200kpa and 88degC. What type of gas is in the tank?,Helium,Ethane,Methane,Ethene,B,Nice Napakahusay tama!,Ay naku mali pa!
3,Powerplant,Pao_D_gentleman_Final_QUiz,Find the enthalpy of the helium if its internal energy is 200KJ/Kg.,144 kj/kg,223.42 KJ/kg,333.42 KJ/kg,168 KJ/kg,C,Nice Napakahusay tama!,Ay naku mali pa!
4,Powerplant,Pao_D_gentleman_Final_QUiz,Compute the air flow in ft^3/min of mechanical ventilation required to exhaust an accumulation of refrigerant due to leaks of the system capable of revolving air from the machinery room for a mass of 4lbs refrigerant.,200,210,220,230,A,Nice Napakahusay tama!,Ay naku mali pa!
5,Powerplant,Pao_D_gentleman_Final_QUiz,Compute the free aperture cross section in m^2 for the ventilation of a machinery room in the mass of refrigerant is 9kg.,0.314,0.414,0.514,0.614,B,Nice Napakahusay tama!,Ay naku mali pa!
6,Powerplant,Pao_D_gentleman_Final_QUiz,A 29.53” X 39.37” pressure vessel contains ammonia with f=0.041. compute the minimum required discharge capacity of relief device in kg/hr.,106.71 kg/hr,108.7 kg/hr,110.71 kg/hr,112.71 kg/hr,C,Nice Napakahusay tama!,Ay naku mali pa!
7,Powerplant,Pao_D_gentleman_Final_QUiz,Compute the mass of a 2m^3 propane at 280 kpa and 40degC,6.47,5.1,10.20,9.47,D,Nice Napakahusay tama!,Ay naku mali pa!
8,Powerplant,Pao_D_gentleman_Final_QUiz,Compute the maximum length of discharge pipe installed on the outlet of a pressure-relief device in feet for the internal pipe diameter of 0.5 inch and rated discharge capacity is 8lb/min of air. The rated pressure of relief valve is 16psig.,0.286ft.,0.386 ft.,0.386 ft.,0.586 ft,A,Nice Napakahusay tama!,Ay naku mali pa!
9,Powerplant,Pao_D_gentleman_Final_QUiz,"A thermal power plant has a heat rate of 11,363 Btu/kw-hr. find the thermal efficiency of the plant.",28%,30%,34%,40%,B,Nice Napakahusay tama!,Ay naku mali pa!
10,Powerplant,Pao_D_gentleman_Final_QUiz,"What is the hydraulic gradient of a 1 mile, 17 inches inside diameter pipe when 3300 gal/ml of water flow with f= .03?",0.00714,0.00614,0.00234,0.00187,A,Nice Napakahusay tama!,Ay naku mali pa!
11,Powerplant,Pao_D_gentleman_Final_QUiz,Find the loss of head in the pipe entrance if speed of flow is 10 m/s.,5.10m,10.2m,17.4m,2.55m,D,Nice Napakahusay tama!,Ay naku mali pa!
12,Powerplant,Pao_D_gentleman_Final_QUiz,"Wet material containing 220% moisture (dry basis) is to be dried at the rate of 1.5 kg/s in a continuous dryer to give a product containing 10% (dry basis). Find the moisture removed, kg/hr.",3543.75 kg/hr,3513.75 kg/hr,3563.75 kg/hr,3593.75 kg/hr,A,Nice Napakahusay tama!,Ay naku mali pa!
13,Powerplant,Pao_D_gentleman_Final_QUiz,Copra enters a dryer containing 70% moisture and leaves at 7% moisture. Find the moisture removed on each pound of solid in final product.,6.528lb,1.258lb,4.258lb,2.258 lb,D,Nice Napakahusay tama!,Ay naku mali pa!
14,Powerplant,Pao_D_gentleman_Final_QUiz,A 1m x 1.5m cylindrical tank is full of oil with sg=0.92. find the force acting at the bottom of the tank in dynes,106.33 x 10^3,106.33 x 10^4,106.33 x 10^5,106.33 x 10^6,D,Nice Napakahusay tama!,Ay naku mali pa!
15,Powerplant,Pao_D_gentleman_Final_QUiz,Find the pressure at 100 fathom depth of water in kpag.,"1,793.96 kpag","1,893.96 kpag","1,993.96 kpag","1,693.96 kpag",A,Nice Napakahusay tama!,Ay naku mali pa!
16,Powerplant,Pao_D_gentleman_Final_QUiz,"Find the depth of furlong of the ocean (SG=1.03) if the pressure at the sea bed is 2,032.56 kpag.",1,2,3,4,A,Nice Napakahusay tama!,Ay naku mali pa!
17,Powerplant,Pao_D_gentleman_Final_QUiz,Find the mass of 10 quartz of water,10.46 kg,9.46 kg,11.6 kg,8.46kg,B,Nice Napakahusay tama!,Ay naku mali pa!
18,Powerplant,Pao_D_gentleman_Final_QUiz,Find the mass of carbon dioxide having a pressure of 20 psia at 200F with 10ft^3 volume.,1.04 lbs,1.14 lbs,1.24 lbs,1.34 lbs,C,Nice Napakahusay tama!,Ay naku mali pa!
19,Powerplant,Pao_D_gentleman_Final_QUiz,Find the heat needed to raise the temperature of water from 80^C to 100^C with 60% quality. Consider an atmospheric pressure of 101.325 kpa. Use the approximate enthalpy formula of liquid.,293.09 kj/kg,"1,772.90 kj/kg","1,547.90 kj/kg","1,647.29 kj/kg",D,Nice Napakahusay tama!,Ay naku mali pa!
20,Powerplant,Pao_D_gentleman_Final_QUiz,Find the enthalpy of water 212F and 14.7 psi dryness for factor is 30% use the approximate enthalpy formula of liquid.,461 Btu/lb,471 Btu/lb,481 Btu/lb,491 btu/lb,B,Nice Napakahusay tama!,Ay naku mali pa!
21,Powerplant,Pao_D_gentleman_Final_QUiz,An air compressor consumed 1200 kw-hr per day of energy. The electric motor driving the compressor has an efficiency of 80%. If indicated power of the compressor is 34kw. Find the mechanical efficiency of the compressor.,117.65 %,75%,85%,90%,C,Nice Napakahusay tama!,Ay naku mali pa!
22,Powerplant,Pao_D_gentleman_Final_QUiz,"Refrigeration system consumed 28,800 kw-hr per month of energy. There are 20% of energy is lost due to cooling system of compressor and motor efficiency is 90%. If the COP of the system is 6, find the tons of refrigeration of the system.",43.15 TR,46.15 TR,49.15 TR,41.15TR,C,Nice Napakahusay tama!,Ay naku mali pa!
23,Powerplant,Pao_D_gentleman_Final_QUiz,23 Tons of refrigeration system has a heat rejected of 100kw. Find the energy efficiency ratio of the system.,13.42,14.42,15.42,16.42,B,Nice Napakahusay tama!,Ay naku mali pa!
24,Powerplant,Pao_D_gentleman_Final_QUiz,"A 200mm x 250mm 8 cylinder, 4-stroke diesel engine has a brake power of 150kw. The mechanical efficiency is 80%. If two cylinders were accidentally cut off what will be the new friction power?",31.50 kw,33.50 kw,35.50 kw,37.50 kw,D,Nice Napakahusay tama!,Ay naku mali pa!
25,Powerplant,Pao_D_gentleman_Final_QUiz,"The energy efficiency ratio of the refrigeration system is 12.6, what is the cop of the system?",3.69,4.23,5.92,6.83,A,Nice Napakahusay tama!,Ay naku mali pa!
26,Powerplant,Pao_D_gentleman_Final_QUiz,An air compressor has a power of 40 kw at 4 % clearance. If the clearance will increase to 7% what is the new power?,70 kw,40 kw,53 kw,60 kw,B,Nice Napakahusay tama!,Ay naku mali pa!
27,Powerplant,Pao_D_gentleman_Final_QUiz,What is the approximate value of temperature if water having enthalpy of 208 Btu/lb?,138.87 deg C,115.55 deg C,258.67 deg C,68.67deg C,B,Nice Napakahusay tama!,Ay naku mali pa!
28,Powerplant,Pao_D_gentleman_Final_QUiz,Convert 750R to K,390.33K,395K,410.33K,416.33K,D,Nice Napakahusay tama!,Ay naku mali pa!
29,Powerplant,Pao_D_gentleman_Final_QUiz,"An otto cycle gas a compression of 8, find the pressure ratio during compression",18.38,16.38,14.38,16.38,A,Nice Napakahusay tama!,Ay naku mali pa!
30,Powerplant,Pao_D_gentleman_Final_QUiz,A diesel cycle has a cut off ratio of 2.5 and expansion ratio of 4. Find the clearance of cycle.,9.11%,5.55%,11.11%,15.15%,C,Nice Napakahusay tama!,Ay naku mali pa!
31,Powerplant,Pao_D_gentleman_Final_QUiz,"A dual cycle has an initial temperature of 30C. the compression ratio is 6 and the heat addition at constant volume process is 600kj/kg. if cut off ratio is 2.5, find the maximum temperature of the cycle.",3638.50 deg C,3365.50 deg C,3565.50 deg C,3965.50 deg C,B,Nice Napakahusay tama!,Ay naku mali pa!
32,Powerplant,Pao_D_gentleman_Final_QUiz,A three stages air compressor compresses air from 100kpa to 1000kpa. Find the intercooler pressure between the first and second stage.,505.44 kpa,108.44 kpa,316.23 kpa,215.44kpa,D,Nice Napakahusay tama!,Ay naku mali pa!
33,Powerplant,Pao_D_gentleman_Final_QUiz,A 10—stages air compressor compresses air from 100kpa to 800kpa. Find the intercooler pressure between the first and second stage.,282.84 kpa,113.21 kpa,123.11 kpa,333.51 kpa,C,Nice Napakahusay tama!,Ay naku mali pa!
34,Powerplant,Pao_D_gentleman_Final_QUiz,A 3 stages air compressor compresses air from 100kpa to 700kpa. Find the intercooler pressure between 2nd and 3rd stage,365.88 kpa,375.88 kpa,385.88 kpa,395.88 kpa,A,Nice Napakahusay tama!,Ay naku mali pa!
35,Powerplant,Pao_D_gentleman_Final_QUiz,"Carnot cycle a,b,c are connected in series so that the heat rejected from a will be the heat added to B an heat rejected from b will be added to c. each cycle operates between 30degC and 400degC. If heat added to A is 1000kw, find the work output of C.",111.44 kw,549.78 kw,247.53 kw,141.89 kw,A,Nice Napakahusay tama!,Ay naku mali pa!
36,Powerplant,Pao_D_gentleman_Final_QUiz,"Air is compressed adiabatically from 30degC to 100degC. If mass of air being compressed is 5kg, Find the change of entropy?",1.039 kj/kg,0.746 kj/kg,0,1.245 kj/kg,C,Nice Napakahusay tama!,Ay naku mali pa!
37,Powerplant,Pao_D_gentleman_Final_QUiz,Two kilogram of air in a rigid tank changes its temperature from 32degC to 150degC. Find the work done during the process.,236,170,195,0,D,Nice Napakahusay tama!,Ay naku mali pa!
38,Powerplant,Pao_D_gentleman_Final_QUiz,"Determine the atmospheric pressure at a location where barometric reading is 740mm Hg and gravitational acceleration is g = 9.7m/s^2. Assume the temperature of mercury to be 10 deg.C at which the density is 13,570 kg/m^3.",99.45 kpa,97.41 kpa,95.44 Kpa,98.66 Kpa,B,Nice Napakahusay tama!,Ay naku mali pa!
39,Powerplant,Pao_D_gentleman_Final_QUiz,"The barometer of a mountain hiker reads 930mbars at the beginning of a hiking reads 780 mbar at the end. Neglecting the effect of altitude on local gravitational acceleration, determine the vertical distance climbed. Assume g = 9.7 m/s^2.",1275.21 m,1289.00 m,1267.34 m,1583.34 m,B,Nice Napakahusay tama!,Ay naku mali pa!
40,Powerplant,Pao_D_gentleman_Final_QUiz,The lower half of a 10 m high cylindrical container is filled with water and upper half with oil that has SG= 0.85. determine the pressure difference between the top and bottom of the cylinder.,90.74 Kpa,92.74 Kpa,83.38 Kpa,98.10 Kpa,A,Nice Napakahusay tama!,Ay naku mali pa!
41,Powerplant,Pao_D_gentleman_Final_QUiz,An ideal gas at 0.80 atmosphere and 87degC occupies 0.450 liter. How many moles are there is the sample? (R=0.0821 liter-atm/mole-K),0.0002 mole,0.0378 mole,0.0122 mole,0.0091 mole,C,Nice Napakahusay tama!,Ay naku mali pa!
42,Powerplant,Pao_D_gentleman_Final_QUiz,"A certain gas at 101.325 Kpa and 10 degC whose volume is 2.83 m^3 are compressed into a storage vessel of 0.31m^3 capacity. Before admission, the storage vessel contained the gas at a pressure and temperature of 137.8 Kpa and 26 degC; after admission the pressure has increased to 1171.8 Kpa. What should be the final temperature of the gas in the vessel in kelvin?.",298.0,319.0,180.0,314.2,D,Nice Napakahusay tama!,Ay naku mali pa!
43,Powerplant,Pao_D_gentleman_Final_QUiz,A perfect gas has a value of R= 58.8 ft-lb/lb-R and K= 1.26. if 20 Btu are added to 10 lbs of his gas at constant volume when initial temperature is 90 degF find the final temperature.,97 degF,104 degF,154 degF,185 degF,A,Nice Napakahusay tama!,Ay naku mali pa!
44,Powerplant,Pao_D_gentleman_Final_QUiz,"Ammonia weighing 22 kgs is confirmed inside a cylinder equipped with a piston has an initial pressure of 413 Kpa at 35 degC if 3200 KJ of heat is added to the ammonia until its final pressure and temperature are 413 Kpa and 100 DegC respectively, what is the amount of work done by",667,304,420,502,A,Nice Napakahusay tama!,Ay naku mali pa!
45,Powerplant,Pao_D_gentleman_Final_QUiz,"A tank contains 90 ft^3 of air at a pressure of 350 Psig; of the air is cooled until its pressure and temperature decreases to 200 Psig and 70 DegF respectively, what is the decrease in internal energy?",6232.09 Btu,-5552 Btu,5552 Btu,-6232.09 Btu,D,Nice Napakahusay tama!,Ay naku mali pa!
46,Powerplant,Pao_D_gentleman_Final_QUiz,"A large mining company was provided with a 3 m^3 of compressed air tank. Air pressure in the tank drops from 700 kpa to 160 kpa while the temperature remains constants at 28 degC, what percentage has the mass of air in the tank been reduced?",74.00,72.45,76.56,78.57,D,Nice Napakahusay tama!,Ay naku mali pa!
47,Powerplant,Pao_D_gentleman_Final_QUiz,"A 4 m^3/hr pump delivers water to a pressure tank. At the start, the gage reads 138 Kpa until reads 276 KPa and then pump was shut off. The volume of the tank is 100 liters. At 276 Kpa the water occupied 2/3 of the tank volume. Determine the volume of water that can be taken out until the gage reads 138 Kpa.",31.20 liters,34.59 liters,16.67 liters,29.50 liters,B,Nice Napakahusay tama!,Ay naku mali pa!
48,Powerplant,Pao_D_gentleman_Final_QUiz,A refrigeration plant is rated at 15 tons capacity. How many pounds of air per hour will it cool from 70 to 90 DegF at constant pressure.,"50,000 lb/hr","37,500 lb/hr","52,000 lb/hr","45,000 lb/hr",B,Nice Napakahusay tama!,Ay naku mali pa!
49,Powerplant,Pao_D_gentleman_Final_QUiz,"an air standard engine has a compression ratio 18 and a cut-off ratio 4. If the intake air pressure and temperature are 100 kpa and 27deg C, find the work in KJ per kg.",2976,2166,1582,2751,D,Nice Napakahusay tama!,Ay naku mali pa!
50,Powerplant,Pao_D_gentleman_Final_QUiz,"determine the air standard efficiency of an operating on the diesel cycle with clearance of 6% , when the suction pressure is 99.97 kpa and the fuel is injected for 7% of the stroke. Assume k=1.4.",62.11%,51.20%,73.58%,60.02%,A,Nice Napakahusay tama!,Ay naku mali pa!
51,Powerplant,Pao_D_gentleman_Final_QUiz,steam at 2Mpa and 250deg C in a rigid cylinder is cooled until the quality is 30%. Find the heat rejected from the cylinder.,-432.23,-926.26,-1265.02,1082.34,C,Nice Napakahusay tama!,Ay naku mali pa!
52,Powerplant,Pao_D_gentleman_Final_QUiz,"At 1.8 Mpa, mixture steam and water has an entropy of 3 KJ/kg Deg K. find the enthalphy of the mixture.","1,627.11KJ/kg","1,533.33 KJ/kg","1,234.45 KJ/kg","1,162.40 KJ/kg",D,Nice Napakahusay tama!,Ay naku mali pa!
53,Powerplant,Pao_D_gentleman_Final_QUiz,Mixture with 70% quality at 500kpa is heated isothermally until its pressure is 300kpa. Find the heat added during the process.,745.92KJ/kg,535.16 KJ/kg,983.44 KJ/kg,765.34 KJ/kg,A,Nice Napakahusay tama!,Ay naku mali pa!
54,Powerplant,Pao_D_gentleman_Final_QUiz,"A tank contains exactly one kilogram of water consisting of liquid and vapor in equilibrium at Mpa. If the liquid contains one-third and the remaining is vapor of the volume of the tank, what is the enthalpy of the contents of the tank?",644.40 KJ/kg,774.40 KJ/kg,785.92 KJ/kg,435.29 KJ/kg,C,Nice Napakahusay tama!,Ay naku mali pa!
55,Powerplant,Pao_D_gentleman_Final_QUiz,Water substance at 70 bar and 65 degC enters a boiler tube of constant inside diameter of 25mm. the water leaves the boiler tube at 50 bar and 700degK at velocity of 150m/s/ calculate the inlet velocity(m/sec),1.56,2.51,1.672,3.230,B,Nice Napakahusay tama!,Ay naku mali pa!
56,Powerplant,Pao_D_gentleman_Final_QUiz,Water substance at 70 bar and 65 degC enters a boiler tube of constant inside diameter of 35mm. the water leaves the boiler tube at 50 bar and 700degK at velocity of 100m/s/ calculate the inlet volume flow (li/sec),0.821,1.261,0.344,1.609,D,Nice Napakahusay tama!,Ay naku mali pa!
57,Powerplant,Pao_D_gentleman_Final_QUiz,Steam leaves an industrial boiler at 827.4 Kpa and 171.6 deg. C. A portion of the steam is passed through a throttling calorimeter and is exhausted to the atmosphere when the calorimeter pressure is 101.4 Kpa. How much moisture does the steam leaving the boiler contain if the temperature of the steam at the calorimeter is 115.6 Deg. C.,3.78%,3.08%,4.56%,2.34%,B,Nice Napakahusay tama!,Ay naku mali pa!
58,Powerplant,Pao_D_gentleman_Final_QUiz,A throttling is connected to the desuperheated steam line supplying steam to the auxiliary feed pump on a ship. The line pressure measrues 2.5 Mpa. The calorimeter pressure is 110 Kpa and 150 deg. C. determine the entropy of the steam line.,6.8 KJ/Kg-K,6.2 KJ/Kg-k,6.6 KJ/Kg-k,7.5 KJ/Kg-k,B,Nice Napakahusay tama!,Ay naku mali pa!
59,Powerplant,Pao_D_gentleman_Final_QUiz,"Atmospheric pressure at boils 212 deg. F. At the vacuum pressure at 24 in. Hg, the temperature is 142 deg F. Find the boiling temperature when the pressure is increased by 40 psia from atmospheric.",449.42 F,526.34 F,479.13 F,263.45 F,A,Nice Napakahusay tama!,Ay naku mali pa!
60,Powerplant,Pao_D_gentleman_Final_QUiz,"A certain coal has the following ultimate analysis:C = 69%N2 = 5%H2 = 2.5%S = 7%Determine the amount of oxygen if the heating value of fuel is 26,961.45 KJ/Kg.",1.5%,2.5%,3.5%,4.5%,D,Nice Napakahusay tama!,Ay naku mali pa!
61,Powerplant,Pao_D_gentleman_Final_QUiz,"A diesel engine consumed 946 liters of fuel per day at 35 deg. C. if the fuel was purchased at 15.6 deg. C and 30 deg. API at P29.00/li, determine the cost of fuel to operate the engine per day.",P5677.50,P4677.50,"P48,088.90","P27,127.76",D,Nice Napakahusay tama!,Ay naku mali pa!
62,Powerplant,Pao_D_gentleman_Final_QUiz,A cylindrical tank 4m long and 3m diameter is used for oil storage. How many days can the tank supply the engine having 27 deg. API with fuel consumption of 60 kg/hr?,17.53,5.84,12.84,19.84,A,Nice Napakahusay tama!,Ay naku mali pa!
63,Powerplant,Pao_D_gentleman_Final_QUiz,"A logging firm in Isabella operates a Diesel Electric Plant to supply it’s electric energy requirements. During a 24 hour period, the plant consumed 250 gallons of fuel at 80 deg. F and produced 2900 KW-hrs. Industrial fuel used is 30 deg. API and was purchased at P30.00/li at 60 deg. F. Determine the overall thermal efficiency of the plant.",26.08%,34.23%,28.00%,18.46%,C,Nice Napakahusay tama!,Ay naku mali pa!
64,Powerplant,Pao_D_gentleman_Final_QUiz,The dry exhaust gas from oil engine has the following gravimetric analysis :CO2 = 21.6%O2 = 4.2%N2 = 74.2%Specific heats at constant pressure for each component of the exhaust gas in Kcal/kg-C are:CO2 = 0.203O2 = 0.219N2 = 0.248Calculate the specific gravity if the molecular weight of air is 28.97 kg/lg-mol,0.981,1.244,1.055,0.542,C,Nice Napakahusay tama!,Ay naku mali pa!
65,Powerplant,Pao_D_gentleman_Final_QUiz,A bituminous coal has the following composition:C= 71.5%H = 5.0%O = 7.0%N = 1.3%S = 3%Ash = 7.6%W = 3.4%Determine the theoretical weight of Nitrogen in lb/lb of coal,2.870,7.526,2.274,6.233,B,Nice Napakahusay tama!,Ay naku mali pa!
66,Powerplant,Pao_D_gentleman_Final_QUiz,A gaseous fuel mixture has a molal analysis:H2 = 14%CH4 = 3%CO = 27%O2 = 0.6%CO2 = 4.5%N2 = 50.9%Determine the air-fuel ratio for complete combustion on molal basis.,2.130,3.230,1.233,1.130,C,Nice Napakahusay tama!,Ay naku mali pa!
67,Powerplant,Pao_D_gentleman_Final_QUiz,A volumetric analysis of a gas mixture is as follows:CO2 : 12%O2 : 4%N2 : 80%CO4 : 4%What is the percentage of CO2 on a mass basis?,17.55%,15.55%,12.73%,19.73%,A,Nice Napakahusay tama!,Ay naku mali pa!
68,Powerplant,Pao_D_gentleman_Final_QUiz,"The following coal has the following ultimate analysis by weight:C = 70.5%H2 = 4.5%O2 = 6.0%N2 = 1.0%S =3.0%Ash = 11%Moisture = 4%A stocker fired boiler of 195,00 kg/hr steaming capacity used this coal as fuel. Calculate the volume of air in m^3/hr with air at 60 deg. F and 14.7 psia pressure if boiler efficiency is 70% and FE = 1.10","234,019 m^3/hr","215,830 m^3/hr","213,830 m^3/hr","264,830 m^3/hr",A,Nice Napakahusay tama!,Ay naku mali pa!
69,Powerplant,Pao_D_gentleman_Final_QUiz,"23.5 kg of steam per second at 5 Mpa and 400 deg. C is produced by a steam generator. The fedwater enters the economizer at 145 deg. C and leaves at 205 deg. C. the steam leaves the boiler drum with a quality of 98%. The unit consumes 3 kg of coal per second as received having a heating value of 25,102 KJ/kg. What would be the overall efficiency of the unit in percent?Steam properties : At 5 Mpa and 400 deg. C: h = 3195.7 KJ/kg at 5 Mpa; hf = 1154.23, hfg = 1640.1At 205 deg C: hf = 875.04at 145 deg. C: hf = 1640.1",65.72,80.67,88.28,78.82,B,Nice Napakahusay tama!,Ay naku mali pa!
70,Powerplant,Pao_D_gentleman_Final_QUiz,In an rankine cycle steam enters the turbine the turbine at 2.5 Mpa (enthalpies and entropies given) and condenser of 50 kPa (properties are given) what is the thermal efficiency of the cycle?.,25.55%,45.23%,34.23%,12.34%,A,Nice Napakahusay tama!,Ay naku mali pa!
71,Powerplant,Pao_D_gentleman_Final_QUiz,"A thermal power plant generates 5 MW and the heat generated by the fuel is 13,000 Kj/sec. if the thermal efficiency is 6.15% , find the power needed for the auxiliaries.",310 Kw,300 Kw,400 Kw,350 Kw,B,Nice Napakahusay tama!,Ay naku mali pa!
72,Powerplant,Pao_D_gentleman_Final_QUiz,"A superheat steam Rankine cycle has turbine inlet conditions of 17.5 MPa and 530 degC expands in a turbine to 0.007 Mpa. The Turbine and pump polytrophic efficiencies are 0.85 and 0.75 respectively, pressure losses between pump and turbine inlet are 1.5 Mpa. What should be the pump work in Kj/kg?",17.34,27.32,25.32,47.33,C,Nice Napakahusay tama!,Ay naku mali pa!
73,Powerplant,Pao_D_gentleman_Final_QUiz,"In an open feedwater heater for a steam plant, saturated steam at 7 bar is mixed sub-cooled liquid at 7 bar and 25 degC. Just enough steam is supplied to ensure that the mixed steam leaving the heater will be saturated liquid at 7 Bar when heater efficiency is 95%. Calculate the mass flow rate of sub-cooled liquid if steam flow rate is 0.865 kg/s.",2.725 kg/s,3.356 kg/s,2.869 kg/s,3.948 kg/s,C,Nice Napakahusay tama!,Ay naku mali pa!
74,Powerplant,Pao_D_gentleman_Final_QUiz,A steam condenser receives 10 kg/s of steam with an enthalpy of 2770 kj/kg. steam condenses into a liquid and leaves with an enthalpy of 160 kj/kg. cooling water passes through the condenser with temperature increases from 13 DegC to 24 DegC. Calculate the water flow rate in Kg/s.,583,567,523,528,B,Nice Napakahusay tama!,Ay naku mali pa!
75,Powerplant,Pao_D_gentleman_Final_QUiz,"Steam expands adiabatically in a turbine from 200 Kpa, 400 DegC to 400 Kpa, 250 DegC. What is the effectiveness of the process in percent assuming an atmospheric pressure of 18 DegC. Neglect changes in kinetic and potential energy.",82,84,79.60,79.46,D,Nice Napakahusay tama!,Ay naku mali pa!
76,Powerplant,Pao_D_gentleman_Final_QUiz,A heat exchanger was installed purposely to cool 0.50 kg of gas per second. Molecular weight is 32 and k = 32. The gas is cooled from 150 degC to 80 DegC. Water is available at the rate of 0.30 kg/s and at a temperature of 5 degC. Calculate the exit temperature of the water in degC.,44.86,42.88,46.45,40.34,A,Nice Napakahusay tama!,Ay naku mali pa!
77,Powerplant,Pao_D_gentleman_Final_QUiz,"A 350 mm x 450 mm steam engine running at 280 rpm has an entrance steam condition of 2 MPa and 230 degC and exit 0.1 Mpa. The steam consumption is 2000 kg/hr and mechanical efficiency is 85% if indicated mean effective pressure is 600 Kpa, determine brake thermal efficiency.","23,34%",15.25%,14.16%,27.34%,B,Nice Napakahusay tama!,Ay naku mali pa!
78,Powerplant,Pao_D_gentleman_Final_QUiz,"A steam turbine receives 5,000 kg/hr of steam at 5 Mpa and 400 DegC and velocity of 30 m/sec. It leaves the turbine at 0.006 Mpa and 85% quality and velocity of 15m/sec. radiation loss is 10,000 Kj/hr. find the KW developed.",1273.29,2173.29,1373.60,7231.29,C,Nice Napakahusay tama!,Ay naku mali pa!
79,Powerplant,Pao_D_gentleman_Final_QUiz,A steam turbine with 85% stage efficiency receives steam at 7 Mpa and 550 degC and exhaust as 20 Kpa. Determine the turbine work.,"1,117 Kj/kg","1,182 kj/kg","1,123.34 kj/kg","1,054.95 Kj/kg",D,Nice Napakahusay tama!,Ay naku mali pa!
80,Powerplant,Pao_D_gentleman_Final_QUiz,"A steam turbine with 80% stage efficiency receives steam at 7 Mpa and 550 DegC and exhaust as 20 Kpa, determine the quality at exhaust.",96.96%,76.34%,82.34%,91.69%,A,Nice Napakahusay tama!,Ay naku mali pa!
81,Powerplant,Pao_D_gentleman_Final_QUiz,"18,000 KW geothermal plant has a generator efficiency and turbine efficiency of 90% and 80%, respectively. The quality after throttling is 20% and each well discharges 400,000 kg/hr, determine the number of wells are required to produce if the change of enthalpy at entrance and exit of turbine is 500 kj/kg.",4 wells,2 wells,6 wells,8 wells,B,Nice Napakahusay tama!,Ay naku mali pa!
82,Powerplant,Pao_D_gentleman_Final_QUiz,"A liquid dominated geothermal plant with a single flash separator receives water at 204 DegC. The separator pressure is 1.04 Mpa. A direct contact condenser operates at 0.034 Mpa. The turbine has a Polytropic efficiency of 0.75 for a cycle output of 60 MW, what is the mass flow rate if the wall-water in kg/s?","2,933","2,100","1,650","2,444",A,Nice Napakahusay tama!,Ay naku mali pa!
83,Powerplant,Pao_D_gentleman_Final_QUiz,"An engine-generated rated 9000 KVA at 80% power factor, 3 phase, 4160 V has an efficiency of 90%. If overall plant efficiency is 28%, what is the heat generated by the fuel?","18,800 KW","28,800 KW","7,500 KW","25,714 KW",D,Nice Napakahusay tama!,Ay naku mali pa!
84,Powerplant,Pao_D_gentleman_Final_QUiz,"The indicated thermal efficiency of a two stroke diesel engine is 60%. If the friction power is 15% of the heat generated, determine the brake thermal efficiency of the engine.",43%,45%,38%,37%,B,Nice Napakahusay tama!,Ay naku mali pa!
85,Powerplant,Pao_D_gentleman_Final_QUiz,"A 305 mm x 457 mm four stroke single acting diesel engine is rated at 150 KW at 260 rpm. Fuel consumption at rated load is 0.56 Kg/Kw-hr with a heating value of 43,912 kj/kg. Calculate brake thermal efficiency.",10.53%,27.45%,14.64%,18.23%,C,Nice Napakahusay tama!,Ay naku mali pa!
86,Powerplant,Pao_D_gentleman_Final_QUiz,"A waste heat recovery boiler produces 4.8 Mpa (dry Saturated) steam from 104 deg C feed water. The boiler receives energy from 7 kg/sec of 954 deg C dry air. After passing through the waste heat boiler, the temperature of the air has been reduced to 343 degC. How much steam in kg is produced per second? Note at 4.60 Mpa dry saturated, h = 2796.",1.30,0.92,1.81,3.43,C,Nice Napakahusay tama!,Ay naku mali pa!
87,Powerplant,Pao_D_gentleman_Final_QUiz,"Diesel electric plant supplies energy for meralco, during a 24-hour period, the plant consumed 240 gallons of fuel at 28 degC and produced 3930 KW-hr. industrial fuel used is 28 deg API and was purchased at P30 per liter at 15,6 degC. What is the cost of fuel be to produced one KW-hr?",6.87,1.10,41.07,5.00,A,Nice Napakahusay tama!,Ay naku mali pa!
88,Powerplant,Pao_D_gentleman_Final_QUiz,"In a gas turbine unit, air enters the combustion chamber at 550 Kpa, 227 degC and 43 m/s. the products of combustion leave the combustor at 511 Kpa, 1004 degC and 180 m/s. liquid fuel enters with a heating value of 43,000 kj/kg. for Fuel-air ratio of 0.0029. what is the combustor efficiency of the unit in percent?",70.38%,79.30%,75.38%,82.38%,C,Nice Napakahusay tama!,Ay naku mali pa!
89,Powerplant,Pao_D_gentleman_Final_QUiz,The specific speed of turbine is 85 rpm and running at 450 rpm. If the head is 20 m and generator efficiency is 90%. What is the maximum power delivered by the generator?,450.51 KW,354.52 KW,650.53 KW,835.57 KW,D,Nice Napakahusay tama!,Ay naku mali pa!
90,Powerplant,Pao_D_gentleman_Final_QUiz,"Francis Turbine, the Pressure gage leading to the turbine casing reads 380 Kpa. The velocity of water entering a turbine is 0 m/sec, if not hoad of the turbine is 45m. find the distance from center of spiral casing to the ….",3.0 m,3.5 m,4.0 m,4.5 m,A,Nice Napakahusay tama!,Ay naku mali pa!
91,Powerplant,Pao_D_gentleman_Final_QUiz,"A turbine has a mechanical efficiency of 93% volumetric efficiency of 95% and total efficiency of 82%. If the effective head is 40m, find the total head.",48.72 m,40.72 m,36.22 m,34.72 m,C,Nice Napakahusay tama!,Ay naku mali pa!
92,Powerplant,Pao_D_gentleman_Final_QUiz,"Pelton Type turbine has 25 m head friction loss of 4.5 m. the total coefficient of friction head loss (from morse) is 0.00093 and penstock length of 80 m, what is the penstock diameter?","1,355.73 mm","3,476.12 mm","6,771.23 mm",1686.73 mm,A,Nice Napakahusay tama!,Ay naku mali pa!
93,Powerplant,Pao_D_gentleman_Final_QUiz,"In an 9,000 KW hydro electric power plant the over-all efficiency is 88% and the actual power received by the customer is 110,000 Kw-hrs for that day. What is the secondary power could this plant deliver during the entire day?","58,960 KW","80,080 KW","65,960 KW","70,960 KW",B,Nice Napakahusay tama!,Ay naku mali pa!
94,Powerplant,Pao_D_gentleman_Final_QUiz,Pelton type turbine was installed 30 m below the head gate of the penstock. The head loss due to friction is 12% of the given elevation. The length of penstock is 100 m and coefficient of friction is 0.00093 determine the power output in KW (use morse equation),"22,273","23,234","32,345","34,452",D,Nice Napakahusay tama!,Ay naku mali pa!
95,Powerplant,Pao_D_gentleman_Final_QUiz,"Water flows steadily with a velocity of 3.05 m/s in a horizontal pipe having a diameter of 25.24 cm. at one action of the pipe the temperature and pressure of the water are 21 degC and 689.3 Kpa, respectively. At a distance of 304.8 m downstream, the pressure is 516.9 Kpa. What is the friction factor?",0.135,0.0050,0.0307,0.641,C,Nice Napakahusay tama!,Ay naku mali pa!
96,Powerplant,Pao_D_gentleman_Final_QUiz,A hydro electric plant having a 30 sq. km reservoir area and 100 m head is used to generate power. The energy utilized by the consumers whose load is connected to the power plant during a five-hour period is 13.5 x 10^6 Kwh. The overall generation efficiency is 75%. Find the fall in height of water in the reservoir after the 5-hour period.,5.13 m,1.32 m,3.21 m,2.20 m,D,Nice Napakahusay tama!,Ay naku mali pa!
97,Powerplant,Pao_D_gentleman_Final_QUiz,The gas density of chimney is 0.75 kg/m^3 and air density of 1.15 kg/m^3. Find the driving pressure if the height of chimney is 63.71 m,0.15 KPa,0.25 Kpa,0.35 Kpa,0.45 Kpa,B,Nice Napakahusay tama!,Ay naku mali pa!
98,Powerplant,Pao_D_gentleman_Final_QUiz,"The actual velocity of gas entering in a chimney is 8 m/sec. the gas temperature is 25 degC with a gas constant of 0.267 kj/kg-K. determine the gas pressure for a mass of gas is 50,00 kg/hr and chimney diameter of 1.39 m",95 Kpa,98 Kpa,101 kpa,92 Kpa,B,Nice Napakahusay tama!,Ay naku mali pa!
99,Powerplant,Pao_D_gentleman_Final_QUiz,A steam generator with economizer and air heater has an overall draft loss of 25.78 cm of water. If the stack gases are at 177 DegC and if the atmosphere is at 101.3 Kpa and 28 DegC. What theoretical height of stack in meters is needed when no draft fan are used? Assume that the gas constant for the flue gasses is the same as that for air.,811.10,631.10,651.10,671.10,C,Nice Napakahusay tama!,Ay naku mali pa!
100,Powerplant,Pao_D_gentleman_Final_QUiz,A foundation measures 12 ft x 14 ft x 16 ft. find the number of sacks of cement needed for 1:2:4 mixture,302,404,356,598,D,Nice Napakahusay tama!,Ay naku mali pa!
101,Powerplant,Pao_D_gentleman_Final_QUiz,"A rectangular foundation cross-section has a bed plate dimension of 8 ft x 10 ft. the uniform clearance on each side is 1 ft. the height of foundation is 4.5 ft. if the weight of the steel bar reinforcements needed is ½% of weight of foundation, find the weight of steel bars, use concrete density of 2400 Kg/m^3.",173.47,183.47,163.47,153.47,B,Nice Napakahusay tama!,Ay naku mali pa!
102,Powerplant,Pao_D_gentleman_Final_QUiz,A steam pipe having a surface temperature of 250 degC passes through a room where the temperature is 27 DegC the outside diameter of pipe is 100 mm and emissivity factor is 0.8 calculate the radiated headloss for 3m be length.,"1,434.47 W","3,746.35 W","2,851 W","3,546.45 W",C,Nice Napakahusay tama!,Ay naku mali pa!
103,Powerplant,Pao_D_gentleman_Final_QUiz,"Brine enters a circulating brine cooler at the rate of 80 m%3/hr at -8 degC, specific heat of brine is 1.072 kj/kg-K and specific gravity of 1.12. determine the tons of refrigeration.",53.5 TR,65.3 TR,33.5 TR,56.9 TR,D,Nice Napakahusay tama!,Ay naku mali pa!
104,Powerplant,Pao_D_gentleman_Final_QUiz,"A turbo-charged, 16 cylinder, Vee-type diesel engine has an air consumption of 3,000 kg/hr per cylinder at rated load and speed, this air is drawn in through a filter by a centrifugal compressor directly connected to the exhaust gas turbine. The temperature of the air from the compressor is 135 DegC and a counter flow air cooler reduces the air temperature to 45 degC before it goes to the engine suction header. Cooling water enters air cooler 30 degC and leaves at 40 degC. Calculate the log mean temperature difference.",47.23 DegC,87.82 degC,43.34 degC,65.42 degC,C,Nice Napakahusay tama!,Ay naku mali pa!
105,Powerplant,Pao_D_gentleman_Final_QUiz,Water is flowing in a pipe with radius of 30 cm at a velocity of 5 m/sec at the temperature in the pipe. The density and viscosity of the water are as follows density = 997.9 kg/sec viscosity = 1.131 Pa. what is the Reynolds number of this situation?,2647,96.2,3100,140,A,Nice Napakahusay tama!,Ay naku mali pa!
106,Powerplant,Pao_D_gentleman_Final_QUiz,"Compute the amount of condensate form during 10 minutes warm-up of 180 meter pipe conveyors the saturated steam with enthalpy vaporization hfg = 1,947.6 kj/kg. the minimum external temperature of pipe is 2 DegC. The final temperature of pipe is 195 degC. The specific heat of pipe material is 0.6 kj/kg-C. the specific weight if 28 g/m.",249.69 kg,982.45 kg,299.64 kg,423.45 kg,C,Nice Napakahusay tama!,Ay naku mali pa!
107,Powerplant,Pao_D_gentleman_Final_QUiz,The discharge pressure of an air compressor is 5 times the suction pressure. If volume flow at suction is 0.1 m^3/sec. what is the suction pressure if compressor work is 19.57 kw? (use n = 1.35),97 Kpa,98 Kpa,99 Kpa,100 Kpa,B,Nice Napakahusay tama!,Ay naku mali pa!
108,Powerplant,Pao_D_gentleman_Final_QUiz,"The initial condition of air in an air compressor is 93 Kpa and 27 deg. C and discharges air at 450 Kpa. The bore and stroke are 355 mm and 381 mm, respectively with percent clearance of 8% running at 300 rpm. Find he volume of air at suction.",541.62 m^3/hr,551.62 m^3/hr,561.62 m^3/hr,571.62m^3/hr,D,Nice Napakahusay tama!,Ay naku mali pa!
109,Powerplant,Pao_D_gentleman_Final_QUiz,An air compressor has a suction volume of 0.35 m^3/sec at 97 Kpa and discharges to 650 Kpa. How much power is saved by the compressor if there are two stages?,27 KW,16.54 KW,13.86 KW,11.58 KW,D,Nice Napakahusay tama!,Ay naku mali pa!
110,Powerplant,Pao_D_gentleman_Final_QUiz,A two stage air compressor has an intercooler pressure of 4 kg/cm^2. What is the discharge pressure if suction pressure is 1 kg/cm^2?,3 kg/cm^2,9 kg/cm^2,12 kg/cm^2,16 kg/cm^2,D,Nice Napakahusay tama!,Ay naku mali pa!
111,Powerplant,Pao_D_gentleman_Final_QUiz,"A two-stage air compressor air at 100 Kpa and 22 deg. C discharges to 750 Kpa. If the intercooler intake is 105 deg. C, Determine the value of n.",1.400,1.326,1.345,1.288,B,Nice Napakahusay tama!,Ay naku mali pa!
112,Powerplant,Pao_D_gentleman_Final_QUiz,"A single acting air compressor has a volumetric efficiency of 89%, operates at 500 rpm. It takes in air at 100 Kpa and 30 deg. C and discharges it at 600 Kpa. The air handled is 8 m^3/min measured at discharge condition. If compression is isentropic, find mean effective pressure in Kpa.",233.34,973.17,198.34,204.82,A,Nice Napakahusay tama!,Ay naku mali pa!
113,Powerplant,Pao_D_gentleman_Final_QUiz,"Water-jacketed air compressor handles .0343 m^3/s of air entering at 96.5Kpa and 21 deg. C and leaving at 480 Kpa and 132 deg. C; 10.9 kg/h of cooling water enters the jacket at 15 deg. C and leaves at 21 deg. C, Determine the compressor brake power?",26.163 kw,62.650 kw,84.44 kw,19.33 kw,B,Nice Napakahusay tama!,Ay naku mali pa!
114,Powerplant,Pao_D_gentleman_Final_QUiz,A double suction centrifugal pumps delivers 20 ft^3/sec of water at head of 12 m and running at 650 rpm. What is the specific speed of the pump?,5014.12 rpm,6453.12 rpm,2770.73 rpm,9968.73 rpm,C,Nice Napakahusay tama!,Ay naku mali pa!
115,Powerplant,Pao_D_gentleman_Final_QUiz,Determine the number of stages needed for a centrifugal pump if it used to deliver 400 gal/min of water and pump power of 15 Hp. Each impeller develops a head of 30 ft.,8,4,5,7,C,Nice Napakahusay tama!,Ay naku mali pa!
116,Powerplant,Pao_D_gentleman_Final_QUiz,The suction pressure of a pump reads 3 in. of mercury vacuum and discharge pressure reads 140 psi is use to deliver 120 gpm of water with specific volume of 0.0163 ft^3/lb. Determine the pump work.,4.6 KW,5.7 KW,7.4 KW,8.4 KW,C,Nice Napakahusay tama!,Ay naku mali pa!
117,Powerplant,Pao_D_gentleman_Final_QUiz,"A submersible pump delivers 350 gpm of water to a height of 5 ft from the ground. The pump were installed 150 m below the ground level and a drawdown of 8 ft during the operation, if the water level is 25 ft above the pump, determine the pump power.",7.13 KW,4.86 KW,7.24 KW,9.27 KW,D,Nice Napakahusay tama!,Ay naku mali pa!
118,Powerplant,Pao_D_gentleman_Final_QUiz,A vacuum pump is used to drain a flooded mine shaft of 20 deg. C waer. The pump pressure of water at this temperature is 2.34 Kpa. The pump is incapable of lifting the water higher than 16 m. what is the atmospheric pressure.,159.30,132.33,198.22,171.9,A,Nice Napakahusay tama!,Ay naku mali pa!
119,Powerplant,Pao_D_gentleman_Final_QUiz,"A submersible, multi-stage, centrifugal deep well pump 260 gpm capacity is installed in a well 27 feet below the static water level and running at 3000 rpm. Drawdown when pumping at rated capacity is 10 feet. The pump delivers the water into a 25,000 gallons capacity overhead storage tank. Total discharge head developed by pump, including friction in piping is 243 feet. Calculate the diameter of the impeller of this pump in inches if each impeller diameter developed a head of 38 ft.",3.28,5.33,3.71,6.34,C,Nice Napakahusay tama!,Ay naku mali pa!
120,Powerplant,Pao_D_gentleman_Final_QUiz,A fan draws 1.42 m^3 per second of air at a static pressure of 2.54 cm of water through a duct 300 mm diameter and discharges it through a duct of 275 mm diameter. Determine the static fan efficiency if total fan mechanical is 75% and air is measured at 25 deg. C and 760 mm Hg.,50.11%,53.69%,65.67%,45.34%,B,Nice Napakahusay tama!,Ay naku mali pa!
121,Powerplant,Pao_D_gentleman_Final_QUiz,A water coolers uses 50lb/hr of melting ice to cool running water from 80deg F to 42deg F. based on the inside coil area U=110 btu/hr-ft^2-F. Find the gpm of water cooled.,0.10 GPM,0.21 GPM,0.38 GPM,0.45 GPM,C,Nice Napakahusay tama!,Ay naku mali pa!
122,Powerplant,Pao_D_gentleman_Final_QUiz,"The charge in a diesel engine consist of 18.34 grams of fuel, with lower heating value of 42,571 KJ/KG, and 409 grams of fuel and products of combustion. At the beginning of compression, t1-60degC, let Rk=14. For constant Cp=1.11 KJ/KG-C, what should be the cut-off ratio in the corresponding ideal cycle ?",2.05,2.34,5.34,2.97,D,Nice Napakahusay tama!,Ay naku mali pa!
123,Powerplant,Pao_D_gentleman_Final_QUiz,The gain of entropy during nonflow process of 5lb of air at 60degF is 0.162 Btu/R. find the V1/V2,3.35,0.259,1.0,0.296,B,Nice Napakahusay tama!,Ay naku mali pa!
124,Powerplant,Pao_D_gentleman_Final_QUiz,"An auditorium seating 1500 people is to be maintained at 80degF dry bulb and 65degF wet bulb temp. when outdoor air is at 91degfF dry bulb and 75degF wet bulb. Solar heat loads is 110,000 btu/hr and supply air is at 60degF, determine the amount of air supply.","93,299.17 lb/hr","83,299.17 lb/hr","73,299.17 lb/hr","63,299.17 lb/hr",A,Nice Napakahusay tama!,Ay naku mali pa!
125,Powerplant,Pao_D_gentleman_Final_QUiz,"In a brayton cycles that operates between temperature limits of 300K and 1773K with K=1.4, determine the temperature at the end of the compression (isentropic) for maximum work of the cycle.",700K,690.5K,730K,350K,C,Nice Napakahusay tama!,Ay naku mali pa!
126,Powerplant,Pao_D_gentleman_Final_QUiz,At 35% solution leaves the absorber and 30% solution enters the absorber. The heat removed from the absorber by cooling water is 547.6 Btu and ammonia is superheated by 10deg. Find the pound per pound of ammonia gas from the evaporating coils.,11,12,13,14,C,Nice Napakahusay tama!,Ay naku mali pa!
127,Powerplant,Pao_D_gentleman_Final_QUiz,"A carnot refrigeration system operates at Tmax./Tmin.=1.5, Find the KW per to of refrigeration.",1.91,2.15,1.76,1.55,C,Nice Napakahusay tama!,Ay naku mali pa!
128,Powerplant,Pao_D_gentleman_Final_QUiz,"Assume 8ft^3 of air at 100psi, 100degF are compressed isothermally to a volume of 2ft^3. For each of end state the process, find the bulk modulus.",400 and 100 psi,400 and 110 psi,400 and 120 psi,400 and 130 psi,A,Nice Napakahusay tama!,Ay naku mali pa!
129,Powerplant,Pao_D_gentleman_Final_QUiz,"Predict the pressure of nitrogen gas at T=200K and v=0.00385 m^3/kg and b=0.00141 m^3/kg; a=0.178 m^2 kpa/kg^2. Use van der waals equation,","15,331 kpa","14,331 kpa","13,331 kpa","12,331 kpa",D,Nice Napakahusay tama!,Ay naku mali pa!
130,Powerplant,Pao_D_gentleman_Final_QUiz,"Francis turbine is to be operated at a speed of 600rpm and with discharge of 4m^3/s. if r1=0.6m, beta1=110deg, and the blade height B is 10cm, what should be the guide angle a1 for non separating flow condition at the runner entrance ?",14.4 deg,15.4 deg,16.4 deg,17.4 deg,D,Nice Napakahusay tama!,Ay naku mali pa!
131,Powerplant,Pao_D_gentleman_Final_QUiz,"The total head of fan is 187m and has a static pressure of 210mm of water gage, what is the velocity of air flowing if density of air is 1.15 kg/m^3 ?",6.85 m/sec,3.45 m/sec,4.39 m/sec,9.28 m/sec,D,Nice Napakahusay tama!,Ay naku mali pa!
132,Powerplant,Pao_D_gentleman_Final_QUiz,"A fan delivers 5.7 m^3/sec. at a static pressure of 5.08 cm of water when oerating at a speed of 400rpm. The power input required is 2.963 KW. If 7.05 m^3/sec. are desired in the same fan and installation, find the pressure in cm of water.",7.77,17.14,11.43,5.08,A,Nice Napakahusay tama!,Ay naku mali pa!
133,Powerplant,Pao_D_gentleman_Final_QUiz,A rigid container is closed at one end and measures 8 in diameter by 12 in long. The container is held vertices and slowly moved downward until the pressure in the container is 17psia. What will be the depth of the top of the container from the free water surface ?,42.36in,59.29in,63.69in,69.82in,C,Nice Napakahusay tama!,Ay naku mali pa!
134,Powerplant,Pao_D_gentleman_Final_QUiz,"An empty, open can is 30 cm high, with a 15 cm diameter. The can with the open end down is pushed under water with a density of 1000 kg/m^3. Find the water level in the can when the top of the can is 50 cm below the surface.",17.20 cm,2.12 cm,4.20 cm,5.87 cm,B,Nice Napakahusay tama!,Ay naku mali pa!
135,Powerplant,Pao_D_gentleman_Final_QUiz,"A cylindrical pipe with water flowing downward at 0.03 m^3/s having top diameter of 0.08, bottom diameter of 0.04 m and height of 1.5 m. find the pressure between the pipe.",154.63 Kpa,197.93 Kpa,252.44 Kpa,243.92 Kpa,C,Nice Napakahusay tama!,Ay naku mali pa!
136,Powerplant,Pao_D_gentleman_Final_QUiz,Determine the size of pipe which will deliver 8 liter of medium oil (c = 6.10 x 10 ^-6 m^2/s) assuming laminar flow conditions,622 mm,754 mm,950 mm,835 mm,D,Nice Napakahusay tama!,Ay naku mali pa!
137,Powerplant,Pao_D_gentleman_Final_QUiz,The type of flow occupying in a 1 cm diameter pipe which water flows at a velocity of 2.50m/s. Use v = 1.13 x 10^-6 m^2/s for water.,Turbulent,Constant,Laminar,None of these,A,Nice Napakahusay tama!,Ay naku mali pa!
138,Powerplant,Pao_D_gentleman_Final_QUiz,What force is exerted by water jet 60 mm diameter if it strikes a wall at he rate of 15 m/s?,636.17 N,442.62 N,764.23 N,563.34 N,A,Nice Napakahusay tama!,Ay naku mali pa!
139,Powerplant,Pao_D_gentleman_Final_QUiz,A 300 mm diameter pipe discharges water at the rate of 200 li/s. point 1 on the pipe has a pressure of 260 Kpa and 3.4 m below point 1 is point 2 with a pressure of 300 Kpa. Compute the head loss between points 1 and 2.,4.29 m,2.59 m,6.32 m,1.87 m,D,Nice Napakahusay tama!,Ay naku mali pa!
140,Powerplant,Pao_D_gentleman_Final_QUiz,Water flowing at the rate of 10 m/s from an orifice at the bottom of a reservoir. Find the pressure at the bottom of reservoir.,30 Kpag,40 Kpag,50 Kpag,60 Kpag,C,Nice Napakahusay tama!,Ay naku mali pa!
141,Powerplant,Pao_D_gentleman_Final_QUiz,Steam flows through a nozzle at 400 deg. C and 1 Mpa (h = 3263.9 KJ/kg) with velocity of 300 m/s. find the stagnation enthalpy.,3300 KJ/kg,3290 KJ/kg,3320 KJ/kg,3309 KJ/kg,D,Nice Napakahusay tama!,Ay naku mali pa!
142,Powerplant,Pao_D_gentleman_Final_QUiz,Air flows through a nozzle at a speed of 350 m/s. Find the stagnation temperature if entrance temperature is 200 deg. C,241.25 deg. C,251.25 deg. C,261.25 deg. C,271.25 deg. C,C,Nice Napakahusay tama!,Ay naku mali pa!
143,Powerplant,Pao_D_gentleman_Final_QUiz,Carbon dioxide flows through a nozzle with a speed of 400 m/s. Compute the dynamic temperature.,92.56 K,94.56 K,96.56 K,98.56 K,B,Nice Napakahusay tama!,Ay naku mali pa!
144,Powerplant,Pao_D_gentleman_Final_QUiz,Carbon dioxide flows through a nozzle with a speed of 380 m/s. The entrance condition of nozzle is 250 deg. C and 1200 Kpa. Find the stagnation pressure.,"2,136.34 Kpa","2,146.34 Kpa","2,156.34 Kpa","2,166.34 Kpa",A,Nice Napakahusay tama!,Ay naku mali pa!
145,Powerplant,Pao_D_gentleman_Final_QUiz,Air enters a diffuser with a velocity of 200 m/s. determine the velocity of sound if air temperature is 30 deg. C,349 m/s,359 m/s,369 m/s,379 m/s,A,Nice Napakahusay tama!,Ay naku mali pa!
146,Powerplant,Pao_D_gentleman_Final_QUiz,Air flows through a nozzle with temperature of entrance of 420 deg. K stagnation temperature of 468 deg. K. find the mach number.,0.744,0.754,0.764,0.774,B,Nice Napakahusay tama!,Ay naku mali pa!
147,Powerplant,Pao_D_gentleman_Final_QUiz,Air at 300 deg. K and 200 Kpa is heated at constant pressure to 600 deg. K. determine the change of internal energy.,245.58 KJ/kg,235.58 KJ/kg,225.58 KJ/kg,215.58 KJ/kg,D,Nice Napakahusay tama!,Ay naku mali pa!
148,Powerplant,Pao_D_gentleman_Final_QUiz,An insulated rigid tank initially contains 1.5 lb of helium at 80 deg F and 50 psia. A paddle wheel with power rating of 0.02 hp is operated within the tank for 30 min. Determine the final temperature.,159.22 deg. F,169.22 deg. F,179.22 deg. F,189.22 deg. F,C,Nice Napakahusay tama!,Ay naku mali pa!
149,Powerplant,Pao_D_gentleman_Final_QUiz,A 4 m^2 asphalt pavement with emissivity of m0.85 has a surface temperature of 50 deg. C. Find the maximum rate of radiation that can be emitted from the surface.,"2,068.32 watts","2,078.32 watts","2,088.32 watts","2,098.32 watts",D,Nice Napakahusay tama!,Ay naku mali pa!
150,Powerplant,Pao_D_gentleman_Final_QUiz,Air at 10 deg. C and 80 Kpa enters a diffuser of a jet engine steadily with a velocity of 200 m/s. The inlet area of diffuser is 0.40 m^2. Determine the mass flow rate of air.,72.79 kg/s,74.79 kg/s,76.79 kg/s,78.79 kg/s,D,Nice Napakahusay tama!,Ay naku mali pa!
151,Powerplant,Pao_D_gentleman_Final_QUiz,"Consider a refrigeration whose 40 watts light bulb remains on continuously as a result of malfunction of the switch. If the refrigerator has a COP of 1.3 and the cost of electricity is 8 cents per kw-hr, determine the increase in the energy consumption of the refrigerator and its cost per year if the switch is not fixed.",P49.59,P47.59,P45.59,P43.59,A,Nice Napakahusay tama!,Ay naku mali pa!
152,Powerplant,Pao_D_gentleman_Final_QUiz,A 75hp motor that has an efficiency of 91% is worn out and is replaced by high-efficiency motor that has an efficiency of 95.4%. Determine the reduction in heat gain in room due to higher efficiency under full load conditions.,2.24 KW,2.44 KW,2.64 KW,2.84 KW,B,Nice Napakahusay tama!,Ay naku mali pa!
153,Powerplant,Pao_D_gentleman_Final_QUiz,"A household refrigerator that has a power input of 450 watts and COP of 2.5 is to cool five large watermelons, 10 kg each, if the watermelons are initially at 20 deg. C, determine how long will take for the refrigerator to cool them. the watermelons can be treated as water whose specific heat is 4.2 KJ/kg-K.",2220 seconds,2230 seconds,2240 seconds,2250 seconds,C,Nice Napakahusay tama!,Ay naku mali pa!
154,Powerplant,Pao_D_gentleman_Final_QUiz,"When a maN returns to his wall-sealed house on a summer day, he finds that the house is at 32 deg. C. he turned on the air conditioner which cools the entire house to 20 deg. C in 15 minutes. If COP is 2.5, determine the power drawn by the air-conditioner. Assume the entire mass within the house is 800 kg of air for which Cv = 0.72 KJ/kg-K, Cp = 1.0 KJ/kg-K.",1.072 KW,2.072 KW,3.072 KW,4.702 KW,C,Nice Napakahusay tama!,Ay naku mali pa!
155,Powerplant,Pao_D_gentleman_Final_QUiz,A heat source at 800 K losses 2000 KJ of heat to a sink at 500 K. Determine the entropy generated during this process.,1.5 KJ./k,2.5 KJ/k,-2.5 KJ/k,4 KJ/k,A,Nice Napakahusay tama!,Ay naku mali pa!
156,Powerplant,Pao_D_gentleman_Final_QUiz,A helium gas is compressed on in an adiabatic compressor from an initial state of 14 psia and 50 deg. F to a final temperature of 320 deg F in a reversible manner. Determine the exit pressure of helium.,38.5 psia,40.5 psia,42.5 psia,44.5 psia,B,Nice Napakahusay tama!,Ay naku mali pa!
157,Powerplant,Pao_D_gentleman_Final_QUiz,Air pass thru a nozzle with efficiency of 90%. The velocity of air at the exit is 600 m/s. find the actual velocity at the exit.,382 m/s,540 m/s,458 m/s,568 m/s,D,Nice Napakahusay tama!,Ay naku mali pa!
158,Powerplant,Pao_D_gentleman_Final_QUiz,"A 50 kg of iron casting at 500 K is thrown into a large lake that is at temperature of 285 K. the iron block eventually reaches thermal equilibrium with the lake water. Assuming average specific heat of 0.45 KJ/kg-K for the iron, determine the entropy generated during this process.",-12.65 KJ/K,16.97 KJ/K,4.32 KJ/K,6.32 KJ/K,C,Nice Napakahusay tama!,Ay naku mali pa!
159,Powerplant,Pao_D_gentleman_Final_QUiz,"A windmill with a 12 m diameter rotor is to be installed at location where the wind is blowing at an average velocity of 10 m/s. Using standard condition of air (1 atm, 25 deg. C), determine the maximum power that can be generated by the windmill.",68 KW,70 KW,72 KW,74 KW,B,Nice Napakahusay tama!,Ay naku mali pa!
160,Powerplant,Pao_D_gentleman_Final_QUiz,Consider a large furnace that can supply heat at temperature of 2000 deg. R at a steady rate of 3000 Btu/s. Determine the exergy of this energy. Assume an environment temperature of 77 deg. F.,205.19 KW,2315.19 KW,2325.19 KW,2335.19 KW,B,Nice Napakahusay tama!,Ay naku mali pa!
161,Powerplant,Pao_D_gentleman_Final_QUiz,A heat engine receives heat from a source at 1200 deg. K at rate of 500 KJ/s and rejects the waste heat to a medium at 300 deg. K. the power output of the heat engine is 180 KW. Determine the irreversibility rate for this process.,190 KW,195 KW,200 KW,205 KW,B,Nice Napakahusay tama!,Ay naku mali pa!
162,Powerplant,Pao_D_gentleman_Final_QUiz,"A dealer advertise that he has just received a shipment of electric resistance heaters for residential buildings that have an efficiency of 100 percent. Assuming an indoor temperature of 21 deg. C and outdoor temperature of 10 deg. C, Determine the second law efficiency of these heaters.",8.74 %,6.75 %,3.74 %,4.74 %,C,Nice Napakahusay tama!,Ay naku mali pa!
163,Powerplant,Pao_D_gentleman_Final_QUiz,"A thermal power plant has a heat rate of 11,363 Btu/hr. find the thermal efficiency of the plant.",34 %,24 %,26 %,30 %,D,Nice Napakahusay tama!,Ay naku mali pa!
164,Powerplant,Pao_D_gentleman_Final_QUiz,A rigid tank contains 2 kmol of N2 and 6 kmol of CO2 gases at 300 deg. K and 115 Mpa. Find the tank volume using ideal gas equation.,7.33 m^3,5.33 m^3,3.33 m^3,1.33 m^3,D,Nice Napakahusay tama!,Ay naku mali pa!
165,Powerplant,Pao_D_gentleman_Final_QUiz,A spherical balloon with a diameter of 6 m is filled with helium at 20 deg. C and 200 Kpa. Determine the mole number.,9.28 Kmol,10.28 Kmol,11.28 Kmol,13.28 Kmol,A,Nice Napakahusay tama!,Ay naku mali pa!
166,Powerplant,Pao_D_gentleman_Final_QUiz,The air in an automobile tire with a volume of 0.53 ft^3 is at 90 deg. F and 20 psig. Determine the amount of air that must be added to raise the pressure to the recommended value of 30 psig. Assume the atmospheric pressure to be 14.6 psia and the temperature and the volume to remain constant.,0.026 lb,0.046 lb,0.066 lb,0.086 lb,A,Nice Napakahusay tama!,Ay naku mali pa!
167,Powerplant,Pao_D_gentleman_Final_QUiz,"A rigid tank contains 20 lbm of air at 20 psia and 70 deg. F. more air is adde to the tank until the pressure and temperature rise to 35 psia and 90 deg. F, respectively. Determine the amount of air added to the tank.",11.73 lb,13.73 lb,15.73 lb,17.73 lb,B,Nice Napakahusay tama!,Ay naku mali pa!
168,Powerplant,Pao_D_gentleman_Final_QUiz,"A rigid tank contains 5 kg of an ideal gas at 4 atm and 40 deg. C. Now a valve is opened, and half of mass of the gas is allowed to escape. If the final pressure in the tank is 1.5 atm. The final temperature in the tanks is:",-38 deg. C,-30 deg. C,40 deg. C,53 deg. C,A,Nice Napakahusay tama!,Ay naku mali pa!
169,Powerplant,Pao_D_gentleman_Final_QUiz,"The pressure of an automobile tire is measured to be 200 Kpa (gage) before the trip and 220 kpa (gage) after the trip at a location where the atmospheric pressure is 90 kpa. If the temperature of the air in the tire before the trip is 25 deg. C, the air temperature after the trip is:",45.6 deg. C,54.8 deg. C,27.5 deg. C,26.7 deg. C,A,Nice Napakahusay tama!,Ay naku mali pa!
170,Powerplant,Pao_D_gentleman_Final_QUiz,Water boils at 1 atm pressure in a stainless steel pan on an electric range. It is observed that 2 kg of liquid water evaporates in 30 min. the rate of heat transfer to the water is>,2.97 KW,0.47 KW,2.51 KW,3.12 KW,C,Nice Napakahusay tama!,Ay naku mali pa!
171,Powerplant,Pao_D_gentleman_Final_QUiz,"Consider a person standing on a breezy room at 20 deg. C. Determine the total rate of heat transfer from this person if the exposed surface area and the average outer surface temperature of the person are 1.6 m^2 and 29 deg. C respectively, and the convection heat transfer coefficient is 6 W/m^2 with the emissivity factor of 0.95.",86.40 watts,81.70 watts,198.1 watts,168.1 watts,D,Nice Napakahusay tama!,Ay naku mali pa!
172,Powerplant,Pao_D_gentleman_Final_QUiz,"Water is boiling in a pan on a stove at sea level. During 10 minutes of boiling, it is observed that 200 grams of water has evaporated. Then the rate of heat transfer to the water is:",0.84 KJ/min,45.1 KJ/min,41.8 KJ/min,53.5 KJ/min,B,Nice Napakahusay tama!,Ay naku mali pa!
173,Powerplant,Pao_D_gentleman_Final_QUiz,"An aluminum pan whose thermal conductivity is 237 W/m-C has a flat bottom whose diameter is 20 cm and thickness 0.4 cm. heat is transferred steadily to boiling water in the pan through its bottom at a rate of 500 watts. If the inner surface of the bottom of the pan is 105 deg. C, determine the temperature of the surface of the bottom of the pan",95.37 deg. C,105.27 deg. C,115. 27 deg. C,125.27 deg. C,B,Nice Napakahusay tama!,Ay naku mali pa!
174,Powerplant,Pao_D_gentleman_Final_QUiz,"For a heat transfer purposes, a standing man can be modeled as a 30 cm diameter, 170 cm long vertical cylinder with both the top and bottom surfaces insulated and with the side surface at an average temperature of 34 deg. C. for convection heat transfer coefficient of 15 W/m^2-C, determine the rate of heat loss from this man by convection in an environment at 20 deg. C.",316.46 watts,326.46 watts,336.46 watts,346.46 watts,C,Nice Napakahusay tama!,Ay naku mali pa!
175,Powerplant,Pao_D_gentleman_Final_QUiz,"A 5 cm diameter spherical ball whose surface is maintained at a temperature of 70 deg. C is suspended in the middle of a room at 20 deg. C. if the convection heat transfer coefficient is 15 W/m^2-C and the emissitivity of the surface is 0.8, determine the total heat transfer from the ball.",23.56 watts,32.77 watts,9.22 watts,43.45 watts,B,Nice Napakahusay tama!,Ay naku mali pa!
176,Powerplant,Pao_D_gentleman_Final_QUiz,"A frictionless piston-cylinder device and a rigid tank contain 1.2 kmol of ideal gas at the same temperature, pressure and volume. Now heat is transferred, and the temperature of both system is raised by 15 deg. C. the amount of extra heat that must be supplied to the gas in the cylinder that is maintained at constant pressure.",0,50 KJ,100 KJ,150 KJ,D,Nice Napakahusay tama!,Ay naku mali pa!
177,Powerplant,Pao_D_gentleman_Final_QUiz,A supply of 50 kg of chicken at 6 degC contained in a box is to be frozen to -16 degC in a freezer. Determine the amount of heat that needs to be removed. The latent heat of the chicken is 247 kj/kg and its specific heat is 32 kj/kg-C above freezing and 1.77 Kj/kg-C below freezing. The container box is 5 kg and the specific heat of the box material is 1.4 kj/kg-C. also the freezing temperature of chicken is -2.8 C.,"15,206.4 KJ",50.5 KJ,"15,156 KJ","1,863 KJ",A,Nice Napakahusay tama!,Ay naku mali pa!
178,Powerplant,Pao_D_gentleman_Final_QUiz,"Water is being heated in a closed pan on top of a range while being stirred by a paddle wheel. During process, 30 kJ of heat is transferred to the water, and 5 KJ is lost to the surrounding air. The paddle wheel work amounts to 500 N-m. Determine the final energy of the system if its initial energy is 10 KJ",35.5 KJ,45.5 KJ,25.5 KJ,14.5 KJ,A,Nice Napakahusay tama!,Ay naku mali pa!
179,Powerplant,Pao_D_gentleman_Final_QUiz,"A classroom that normally contain 40 people is to be air-conditioned with window air-conditioning units of 5 KW cooling capacity. A person at rest may be assumed to dissipate heat at a rate of about 360 Kj/hr. there are 10 light bulbs in the room, each with a rating of 100 watts. The rate of heat transfer to the classroom through the walls and the windows is estimated to be 15,000 Kj/hr. if the room air is to be maintained at a constant temperature of 21 degC, determine the number of window air-conditioning units required.",1 unit,2 units,3 units,4 units,B,Nice Napakahusay tama!,Ay naku mali pa!
180,Powerplant,Pao_D_gentleman_Final_QUiz,"4m X 5m x 6m room is to be heated by a baseboard resistance heater. It is desired that the resistance heater able to raise the air temperature in the room from 7 to 23 degC within 15 minutes. Assuming no heat losses from the room and an atmospheric pressure of 100 Kpa, determine the required power of the resistance heater. Assume constant specific heats at room temperature.",2.34 KW,1.91 KW,4.56 KW,6.34 KW,B,Nice Napakahusay tama!,Ay naku mali pa!
181,Powerplant,Pao_D_gentleman_Final_QUiz,"A student living in a 4m x 6m x 6m dormitory room turns on her 150 watts fan before she leaves the room on a summer day, hoping that the room will be cooled when she comes back in the evening, assuring all the doors and window are lightly closed and disregarding any heat transfer through the walls and the windows, determine a temperature in the room when she comes back 10 hours later. Use specific heat values at room temperature, and assume the room to be at 100 kpa and 15 degC in the morning when she leaves.",28.13 degC,38.13 degC,48.13 degC,58.13 degC,D,Nice Napakahusay tama!,Ay naku mali pa!
182,Powerplant,Pao_D_gentleman_Final_QUiz,A piston-cylinder device whose piston is resting on top of a set of stops initially contains 0.50 kg of helium of gas at 100 Kpa and 25 degC. The mass of the piston is such that 500 KPa of pressure is required to raise it. How much heat must be transferred to the helium before the piston starts rising?,1557.13 KJ,1657.13 KJ,1757.13 KJ,1857.13 KJ,D,Nice Napakahusay tama!,Ay naku mali pa!
183,Powerplant,Pao_D_gentleman_Final_QUiz,"In order to cool 1 ton (1000 kg) of water at 20 degC in an insulated tank, a person pours 80 kg of ice at -5 degC into the water. Determine the final equilibrium temperature in the tank. The melting temperature and the heat of fusion of ice at atmospheric pressure are 0 degC and 333.7 KJ/kg, respectively.",12.43 degC,14.43 degC,16.43 degC,18.43 degC,A,Nice Napakahusay tama!,Ay naku mali pa!
184,Powerplant,Pao_D_gentleman_Final_QUiz,A fan is powered by a 0.5 Hp motor and delivers air at a rate of 85 m^3/min. determine the highest value for the average velocity of air mobilized by the fan. Take the density of air to be 1.18 kg/m^3,18.23 m/s,21.12 m/s,25.34 m/s,32.23 m/s,B,Nice Napakahusay tama!,Ay naku mali pa!
185,Powerplant,Pao_D_gentleman_Final_QUiz,"An ocean-thermal energy conversion power plant generates 10,000 KW using a water surface water inlet temperature of 28 degC and a cold deep-water temperature of 15 degC, on the basis of a 3 DegC drop in the temperature of the warm water and a 3 DegC rise in the temperature of the cold water due to removal and addition of heat. Calculate the power required in KW to pump the cold0deeo water to the surface and through the system heat exchanger if the required pumping pressure increase is 20 KPa. Assume a carnot cycle efficiency and density of cold water to be 1000 kg/m^3.",108,250,146,180,B,Nice Napakahusay tama!,Ay naku mali pa!
186,Powerplant,Pao_D_gentleman_Final_QUiz,A plate type solar energy collector with absorbing surface covered by a glass plate is to receive an inci…Radiation of 800 W/m^2. The glass plate has a reflectivity of 0.12 and a transitivity of 0.85. the absorbing surface has an absorptivity of 0.90. the area of the collector is 5 m^2. How much solar energy in watts is absorbed by the collector?,2500,2880,3510,3060,D,Nice Napakahusay tama!,Ay naku mali pa!
187,Powerplant,Pao_D_gentleman_Final_QUiz,A tank contains liquid nitrogen at -120 degC is suspended in a vacuum shell by three stainless steel rods 0.80 meter and 3 meters long with a thermal conductivity of 16.3 W/m^2-C. if the ambient air outside the vacuum shell is 15 degC. Calculate the magnitude of the conductive heat flow in watts along the supports rods.,0.168,0.0587,0.182,0.176,A,Nice Napakahusay tama!,Ay naku mali pa!
188,Powerplant,Pao_D_gentleman_Final_QUiz,"An elastic sphere containing gas at 120 Kpa has a diameter of 1.0 m. heating the sphere causes it to expand its diameter of 1.3m, during the process the pressure is proportional to the sphere diameter. Calculate the work done by the gas in KJ.",41.8,50.6,87.5,35.4,C,Nice Napakahusay tama!,Ay naku mali pa!
189,Powerplant,Pao_D_gentleman_Final_QUiz,An ideal gas with a molecular weight of 7.1 kg/kg is compressed from 600 Kpa and 280 degK to a final specific volume of 0.5 m^3/kg. during the process the pressure varies according to p= 620 + 150v + 95 v^2 where p is in KPa and V in m^3/kg. calculate the work of compression in KJ/kg?,32.6,28.7,35.6,33.33,D,Nice Napakahusay tama!,Ay naku mali pa!
190,Powerplant,Pao_D_gentleman_Final_QUiz,A one cubic meter container contains a mixture of gases composed of 0.02 kg/mol of oxygen and 0.04 kg-mol helium at a pressure of 220 Kpa. What is the temperature of this ideal gas mixture in degrees kelvin?,441,350,400,450,A,Nice Napakahusay tama!,Ay naku mali pa!
191,Powerplant,Pao_D_gentleman_Final_QUiz,Methyl alcohol (CH3OH) is burned with 25% excess air. How much unburned oxygen in kg-mol-oxygen/kg-mol-fuel will there be in the products if the product of combustion is compete?,0.35,0.45,0.37,0.65,C,Nice Napakahusay tama!,Ay naku mali pa!
192,Powerplant,Pao_D_gentleman_Final_QUiz,A 12 DC electrical motor draws a current of 15 amps. How much work in KJ does this motor produce over a 10 minute period of operation?,108.0,129.6,216.0,318.2,A,Nice Napakahusay tama!,Ay naku mali pa!
193,Powerplant,Pao_D_gentleman_Final_QUiz,"A 4 liter ( 2 liter per revolution at standard pressure temperature) spark engine has a compression ratio of 8 and 2200 KJ/kg Heat addition by the fluid combustion. Considering a cold air-standard Otto Cycle model, how much power will the engine produce when operating at 2500 rpm?",166.53 HP,73.12 HP,97.4 HP,148 HP,A,Nice Napakahusay tama!,Ay naku mali pa!
194,Powerplant,Pao_D_gentleman_Final_QUiz,"A simple Rankine produces 50 MW of power, 40 MW of process heated and rejects 50 MW of heat to the surroundings. What is the utilization factor of this cogeneration cycle neglecting the pump work?",50%,60%,64%,80%,C,Nice Napakahusay tama!,Ay naku mali pa!
195,Powerplant,Pao_D_gentleman_Final_QUiz,"The rate of heat transfer to the surroundings from a person at rest is about 400 Kj/Hr. suppose that the ventilation system falls in an auditorium containing 120 people and assuming that the energy goes into the air of volume 1500 m^3 initially at 300 degK and 101 Kpa , calculate the rate in degC/min of air temperature change.",0.81,0.53,0.63,1.0,C,Nice Napakahusay tama!,Ay naku mali pa!
196,Powerplant,Pao_D_gentleman_Final_QUiz,An insulated box containing helium gas falls from a balloon 4.5 Km above the __________. Calculate the temperature rise in degC of the helium when the box hits the ground.,15.2,12.6,25.3,14.1,D,Nice Napakahusay tama!,Ay naku mali pa!
197,Powerplant,Pao_D_gentleman_Final_QUiz,"Consider two Carnot heat engines operating in series. The first engine receives heat from the reservoir at 2400 degK and rejects the waste heat to another reservoir at temperature T. the second engine receives heat from the first one, convert sine if it to work, and rejects the rest to a reservoir at 300 degK. If thermal efficiencies of both engines are the same, determine the temperature T.",849 degK,578 degK,763 degK,978 degK,A,Nice Napakahusay tama!,Ay naku mali pa!
198,Powerplant,Pao_D_gentleman_Final_QUiz,An ideal gas mixture consist of 2 Kmol of N2 and 6 Kmol of CO2. The mass fraction of CO2 is:,0.175,0.250,0.825,0.750,C,Nice Napakahusay tama!,Ay naku mali pa!
199,Powerplant,Pao_D_gentleman_Final_QUiz,"A carnot cycle is operates between the temperature limits of 300 degK and 1500 degK and produces 500 KW of net power. The value of entropy change of the working fluid during the heat addition process is,",0,0.4 KW/K,0.5 KW/k,2.0 KW/K,C,Nice Napakahusay tama!,Ay naku mali pa!
200,Powerplant,Pao_D_gentleman_Final_QUiz,"Air in an ideal diesel cycle is compressed from 3 L to 0.15 L and then it expands during the constant pressure heat addition process to 0.3 L, under cold air standard conditions, the thermal efficiency of the cycle is",35 percent,44 percent,65 percent,70 percent,C,Nice Napakahusay tama!,Ay naku mali pa!
201,Powerplant,Pao_D_gentleman_Final_QUiz,Air enters a turbojet engine at 200 m/s at a rate of 20 kg/s and exist at 800 m/s relative to the aircraft. The thrust developed by the engine is:,6 KN,12 KN,16 KN,20 KN,B,Nice Napakahusay tama!,Ay naku mali pa!
202,Powerplant,Pao_D_gentleman_Final_QUiz,"Heat engine receives heat from a source at 1200 DegK at a rate of 500 Kj/s and rejects the waste heat to a sink 300 degK. If the power output of the engine is 200 KW, the second law efficiency of this heat engine is",35%,40%,53%,75%,C,Nice Napakahusay tama!,Ay naku mali pa!
203,Powerplant,Pao_D_gentleman_Final_QUiz,"A water reservoir contains 100,000 kg of water at an average elevation of 60m. the maximum amount of electric power that can be generated from this water is:",8 KWh,16 KWh,1630 KWh,"65,800 KWh",B,Nice Napakahusay tama!,Ay naku mali pa!
204,Powerplant,Pao_D_gentleman_Final_QUiz,"A house s maintained at 22 degC in winter by electric resistance heater. If the outdoor temperature is 5 degC, the second law efficiency of the resistance heater is:",0 %,5.8 %,34 %,77 %,B,Nice Napakahusay tama!,Ay naku mali pa!
205,Powerplant,Pao_D_gentleman_Final_QUiz,"Thermoelectric refrigerator that resembles a small ice chest is powered by a car battery, and has a COP of 0.10. If the refrigerator cools a 0.350 L canned drink from 20 degC to 4 degC in 30 mins, determine the average electric power consumed bu the thermoelectric refrigerator.",130 watts,110 watts,120 watts,140 watts,A,Nice Napakahusay tama!,Ay naku mali pa!
206,Powerplant,Pao_D_gentleman_Final_QUiz,"Carnot refrigerator operates in a room in which the temperature is 25 degC and consumes 2KW of power when operating. If the food compartment of the refrigerator is to be maintained at 3 degC, determine the rate of heat removal from the food compartment.",1504.8 KJ/min,12.86 Kj/min,1625 KJ/min,9.57 KJ/min,A,Nice Napakahusay tama!,Ay naku mali pa!
207,Powerplant,Pao_D_gentleman_Final_QUiz,"A household refrigerator with EER 8.0 removes heat from the refrigerated space at a rate of 90 KJ/min. determine, the rate of heat transfer to the kitchen air",101.25 KJ/min,63.05 Kj/min,128.46 Kj/min,80 Kj/min,C,Nice Napakahusay tama!,Ay naku mali pa!
208,Powerplant,Pao_D_gentleman_Final_QUiz,"An air conditioning system is used to maintain a house at 75 degF when the temperature outside is 95 degF. The house is gaining heat through the walls and windows at a rate of 1250 BTU/min, and the heat generation rate within the house from people, lights, and appliances amounts to 350 Btu/min. determine the minimum power input required for this air-conditioning system.",10.06 HP,1.36 HP,1.41 HP,7.94 HP,C,Nice Napakahusay tama!,Ay naku mali pa!
209,Powerplant,Pao_D_gentleman_Final_QUiz,"A refrigeration system is to cool bread loaves with an average mass of 450 g from 22 degC to -10 degC at a rate of 500 loaves per hour by refrigerated air. Taking the average specific and latent heats of the bread to be 2.93 Kj/kg – C and 109.3 KJ/Kg , respectively, determine the product load.",541.7 Kj/min,351.6 Kj/min,761.5 KJ/min,409.9 Kj/min,C,Nice Napakahusay tama!,Ay naku mali pa!
210,Powerplant,Pao_D_gentleman_Final_QUiz,"A house that was heated by electric resistance heaters consumed 1200 KWh electric energy in a winter month. If this house were heated instead by a heat pump that has an average performance factor PF of 2.4, determine how much money the homeowner would be saved that month assume a price of 0.0855 $/KWh for electricity.",$42.5,$59.5,$102,$97.75,B,Nice Napakahusay tama!,Ay naku mali pa!
211,Powerplant,Pao_D_gentleman_Final_QUiz,An ammonia simple saturation cycle operates with a suction pressure of 291.6 Kpa and a condenser pressure of 1204 Kpa develops 15 Tons of refrigeration. Determine the theoretical horsepower of the compressor.,7.23 HP,13 HP,15 Hp,8.23 HP,B,Nice Napakahusay tama!,Ay naku mali pa!
212,Powerplant,Pao_D_gentleman_Final_QUiz,"An ammonia ice plant operates between a condenser temperature of 35 degC and evaporator of -15 degC. It produces 10 metric tons of ice per day from water at 30 degC to ice at -5 degC. Assuming simple saturation cycle, determine the horsepower of the motor if the adiabatic efficiency of the compressor is 0.85 and mechanical efficiency is 0.95. the specific heat of ice is 2.094 Kj/Kg-C and the latent heat is 335 Kj/kg.",17.68 Hp,18.61 Hp,15.5 Hp,21.9 HP,D,Nice Napakahusay tama!,Ay naku mali pa!
213,Powerplant,Pao_D_gentleman_Final_QUiz,"Freon 22 air conditioning under standard operating conditions of 35 degC condensing and 5 degC evaporating temperatures, the volume flow rate entering the compressor is 23.72 L/s. determine the refrigerating capacity if the refrigerating effect is 164 Kj/Kg",339.3 TR,79.3 TR,96.4 TR,27.4 TR,D,Nice Napakahusay tama!,Ay naku mali pa!
214,Powerplant,Pao_D_gentleman_Final_QUiz,"The refrigerant volume flow rate at the entrance of compressor were obtained from a test on a twin cylinder, single acting 15 cm x 20 cm, 320 rpm compressor ammonia refrigerating plant to be 33 L/s. determine the volumetric efficiency of the compressor.",77.65 %,87.6 %,97.6 TR,65.65 %,B,Nice Napakahusay tama!,Ay naku mali pa!
215,Powerplant,Pao_D_gentleman_Final_QUiz,"Twin cylinder ammonia compressor with volume displacement of 14,726 cm^3 operates at 300 rpm. Condenser and evaporator pressure re 1200 Kpa and 227 Kpa respectively. Specific volume of refrigerant at the entrance of compressor is 528.26 kj/kg. compression process is polytropic with n = 1.20 and clearance factor of compressor is 2 percent. Determine horsepower required.",60 HP,70 HP,80 HP,90 HP,C,Nice Napakahusay tama!,Ay naku mali pa!
216,Powerplant,Pao_D_gentleman_Final_QUiz,Reversed Carnot cycle has a refrigerating Cop of 2.5. determine the ratio TH/TL?,1.4,1.5,1.25,1.2,A,Nice Napakahusay tama!,Ay naku mali pa!
217,Powerplant,Pao_D_gentleman_Final_QUiz,"Three thousand cubic feet per minute of air are circulated over an air0cooled condenser. If the load of the condenser is 64,800 Btu/hr, compute the temperature rise of the air passing over the condenser specific volume of standard air (13.34 ft^3/lb)",10 degF,15 degF,20 degF,25 degF,C,Nice Napakahusay tama!,Ay naku mali pa!
218,Powerplant,Pao_D_gentleman_Final_QUiz,"Saturated vapor ammonia at -16 degC (h =1442.60 Kj/kg) leaves the evaporator and enters the compressor at -6 degC (h=1465 kj/kg). the refrigerant leaves the condenser as saturated liquid of 40 degC (h4 = 390.6 kj/kg) and enters the expansion valve at 35 degC (h3=366.1 kj/kg). heat rejects from the condenser amount to 50 KW. The work to compressor is 208 kj/kg, while the heat losses from compressor is 33 kj/kg. if 95 kj/kg of heat lost in the piping between the compress discharge and condenser inlet, determine the refrigerating capacity of the system.",49.5 TR,46.61 TR,12.88 TR,13.24 TR,D,Nice Napakahusay tama!,Ay naku mali pa!
219,Powerplant,Pao_D_gentleman_Final_QUiz,"In an actual refrigeration cycle using R12 as working fluid, the refrigerant flow rate is 0.05 kg/s. vapor enters the expansion valve at 1.15 Mpa, 40 degC ( h=238.5 kj/kg) and leaves the evaporator at 175 KPa, -15 degC (h=345 kj/kg). the electric input to the motor driving the compressor is measured and found 3.0 KW. Motor efficiency at this load is 92% and mechanical efficiency 82%. Determine the actual coefficient of performance for this cycle.",1.58,2.36,1.78,1.34,B,Nice Napakahusay tama!,Ay naku mali pa!
220,Powerplant,Pao_D_gentleman_Final_QUiz,"An ammonia refrigeration system the temperature in the evaporator is -12 degC the ammonia at the evaporator entry is 0.1511 dry while at exit is 0.95 dry, if the rate if ammonia circulation is 5.64 kh/min, determine the refrigerating capacity of the system. Enthalpy of saturated liquid and vapor at -12 degC us 144,929 kj/kg and 1447.74 kj/kg respectively.",17.82 TR,34.82 TR,27.82 TR,4.82 TR,C,Nice Napakahusay tama!,Ay naku mali pa!
221,Powerplant,Pao_D_gentleman_Final_QUiz,"A two stage cascade vapor compression refrigeration system uses ammonia in the low-temperature loop and R-12 in the high-temperature loop. The ammonia provides 15 tons cooling. If the high-loop temperature requires 10.12 KW compressor power and low-loop 15.93 KW, determine the COP of the system.",2.027 TR,5.22 TR,3.314 TR,9.1 TR,A,Nice Napakahusay tama!,Ay naku mali pa!
222,Powerplant,Pao_D_gentleman_Final_QUiz,"When a man returns to his well-sealed house on a summer day, he find that the house is at 32 degC . he turns on the air conditioner, which cools the entire house to 20 degC in 15 mins. If COP of the air-conditioner system is 2.5, determine the power drawn by the air conditioners. Assume the entire mass within the house equivalent to 800 kg of air for which c = 0.72 kj/kg-C.",7.68 KW,3.07 KW,19.2 KW,12.03 KW,B,Nice Napakahusay tama!,Ay naku mali pa!
223,Powerplant,Pao_D_gentleman_Final_QUiz,It is desired to double the COP of a reversed carnot engine for cooling from 5.0 by raising the temperature of heat addition while keeping the temperature of heat rejection constant. By what percentage must the temperature of heat addition he raised?,10.1 %,9.1 %,8.1 %,7.1 %,B,Nice Napakahusay tama!,Ay naku mali pa!
224,Powerplant,Pao_D_gentleman_Final_QUiz,"An ammonia water cooled compressor receives the refrigerant at specific volume 62 L/kg. it has a piston displacement rate of 5 m^3/min. if a squirrel cage motor running at 1200 rpm drives the compressor and a average piston speed is 490 m/min, calculate size of cylinder bore.",20.4 cm,26.0 cm,16.13 cm,13.6 cm,C,Nice Napakahusay tama!,Ay naku mali pa!
225,Powerplant,Pao_D_gentleman_Final_QUiz,"The Initial volume of an ideal gas is compressed to one-half its original volume and to twice its temperature the pressure,",Doubles,Quadruples,Remains constant,Halves,B,Nice Napakahusay tama!,Ay naku mali pa!
226,Powerplant,Pao_D_gentleman_Final_QUiz,"The gage pressure of a medium is 30 Kpa (vacuum) and the atmospheric pressure is 101.3 KPa, the absolute pressure will be;",131.3 Kpa,-71.3 Kpa,71.3 Kpa,-131.3 Kpa,C,Nice Napakahusay tama!,Ay naku mali pa!
227,Powerplant,Pao_D_gentleman_Final_QUiz,"If a particle has a velocity of 4 meters per second and a kinetic energy of 144 joules, then the mass, in kilograms of his particles must be;",44,16,18,24,C,Nice Napakahusay tama!,Ay naku mali pa!
228,Powerplant,Pao_D_gentleman_Final_QUiz,Determine the force in newton in a piston of 465 mm^2 with a pressure of 0.172 MPa,65 N,72 N,80 N,111 N,C,Nice Napakahusay tama!,Ay naku mali pa!
229,Powerplant,Pao_D_gentleman_Final_QUiz,A condenser vacuum gauge reads 715 mm HG when the barometric stands at 757 mm HG. State the absolute pressure in the condenser in KN/m^2 or KPa,5.6 KPa,5.9 Kpa,6.5 Kpa,5.2 KPa,A,Nice Napakahusay tama!,Ay naku mali pa!
230,Powerplant,Pao_D_gentleman_Final_QUiz,"One piston of a hydraulic press has an area of 1 cm^2. The other piston has an area of 25cm^2, if a force of 150 N is applied on the smaller piston, what will be the total force on the larger piston is both piston surface are the same level?",6 N,175 N,3750 N,4250 N,C,Nice Napakahusay tama!,Ay naku mali pa!
231,Powerplant,Pao_D_gentleman_Final_QUiz,"If the pressure of a confined gas at a constant temperature is tripled, what will happen to the volume?",The volume will be tripled,The volume will be reduced to one-third of its original value,The volume will remain unchanged,The volume is constant,B,Nice Napakahusay tama!,Ay naku mali pa!
232,Powerplant,Pao_D_gentleman_Final_QUiz,"The work done on air is 10.86 KJ/kg, determine the compressor power if it is receiving 272 kg/min if --- air",36.72 HP,49.23 HP,2954 HP,66 HP,D,Nice Napakahusay tama!,Ay naku mali pa!
233,Powerplant,Pao_D_gentleman_Final_QUiz,"A water tank of 18 ft wide, 14 ft long and 4 ft high, calculate the pressure at the bottom of the tank",1.733 Psi,1.999 Psi,2.337 Psi,3.773 Psi,A,Nice Napakahusay tama!,Ay naku mali pa!
234,Powerplant,Pao_D_gentleman_Final_QUiz,The pressure of 750 mmHg in KN/m^2,90,100,103,110,B,Nice Napakahusay tama!,Ay naku mali pa!
235,Powerplant,Pao_D_gentleman_Final_QUiz,"A double purpose tank 18 ft wide, 24 ft long and 4 ft depth is filled with water. What is the weight of the water in the tank in long tons?",49 Tons,48 Tons,54 Tons,50 Tons,A,Nice Napakahusay tama!,Ay naku mali pa!
236,Powerplant,Pao_D_gentleman_Final_QUiz,Oil Flow through a 16 tubes on a single cooler with a velocity of 2m/s. the internal diameter of the tube is 30mm and oil density is 0.85 gm/ml. find the volume flow in liters per sec.,22.62,32.22,62.22,42.62,A,Nice Napakahusay tama!,Ay naku mali pa!
237,Powerplant,Pao_D_gentleman_Final_QUiz,A substance temperature was 620 degR. What is the temperature in degC?,50.7,45.54,71.11,94.44,C,Nice Napakahusay tama!,Ay naku mali pa!
238,Powerplant,Pao_D_gentleman_Final_QUiz,Unknown volume of container gas of gas of 1 atmosphere is allowed to expand to another container of 10 m^3 volume at 500 mm Hg at constant temperatures. Find the unknown volume.,6.58 m^3,6.75 m^3,5.67 m^3,7.65 m^3,A,Nice Napakahusay tama!,Ay naku mali pa!
239,Powerplant,Pao_D_gentleman_Final_QUiz,An iron block weighs 5 Newton and has volume of 200 cm^3. What is the density of the block?,2458 kg/m^3,2485 kg/m^3,2584 kg/m^3,2549 kg/m^3,D,Nice Napakahusay tama!,Ay naku mali pa!
240,Powerplant,Pao_D_gentleman_Final_QUiz,"If air is at a pressure of 22.22 Psia and at temperature of 800 degR, what is the specific volume?",11.3 ft^3/lbm,33.1 ft^3/lbm,13.3 ft^3/lbm,31.3 ft^3/lbm,C,Nice Napakahusay tama!,Ay naku mali pa!
241,Powerplant,Pao_D_gentleman_Final_QUiz,The specific gravity of mercury is 13.55. what is the specific weight of mercury?,123.9 Kn/m^3,139.2 Kn/m^3,132.9 Kn/m^3,193.2 Kn/m^3,C,Nice Napakahusay tama!,Ay naku mali pa!
242,Powerplant,Pao_D_gentleman_Final_QUiz,The equivalent weight of mass 10 kg at location where the acceleration of gravity is 9.77 m/sec^2,97.7 N,79.9 N,77.9 N,977 N,A,Nice Napakahusay tama!,Ay naku mali pa!
243,Powerplant,Pao_D_gentleman_Final_QUiz,Transportation company specializes in the shipment of pressurized gaseous material. An order is received for 100 liters of a particular gas at STP (32 degF and 1 atm). What minimum volume tank is necessary to transport the gas at 80 degF and maximum pressure of 8 atm?,16 liters,14 liters,10 liters,12 liters,B,Nice Napakahusay tama!,Ay naku mali pa!
244,Powerplant,Pao_D_gentleman_Final_QUiz,"100 g of water are mixed with 150 g of alcohol (density = 790 kg/m^3). What is the specific volume of the resulting mixtures, assuming that the fluids mixed completely?",0.82 x 10^-3 cu.m/kg,0.88 x 10 -3 cu.m/kg,0.63 x 10 -3 cu.m/kg,1.16 x 10 -3 cu.m/kg,D,Nice Napakahusay tama!,Ay naku mali pa!
245,Powerplant,Pao_D_gentleman_Final_QUiz,How much does 30 lbm weigh in the moon (g=5.47 ft/s^2),2.0 lbf,3.2 lbf,3.4 lbf,5.096 lbf,D,Nice Napakahusay tama!,Ay naku mali pa!
246,Powerplant,Pao_D_gentleman_Final_QUiz,A 10 kg block is raised vertically 3 meters. What is the change in potential energy.,320 J,350 kg-m^2/s^2,294 J,350 N-m,C,Nice Napakahusay tama!,Ay naku mali pa!
247,Powerplant,Pao_D_gentleman_Final_QUiz,How many cubic meter is 100 gallons of liquid,3.7850 cu.m,0.1638 cu.m,0.3785 cu.m,1.638 cu.m,C,Nice Napakahusay tama!,Ay naku mali pa!
248,Powerplant,Pao_D_gentleman_Final_QUiz,"Steam turbine is receiving 1014 lbm/hr of steam, determine the horsepower output of the turbine if the work done by steam is 251 btu/lbm",100 HP,462.7 HP,200 HP,6002.7 HP,A,Nice Napakahusay tama!,Ay naku mali pa!
249,Powerplant,Pao_D_gentleman_Final_QUiz,What is the resulting pressure when one pound of air at 15 psia and 200 degF is heated at constant volume heated to 800 degF?,52.1 Psia,15 Psia,28.6 Psia,36.4 Psia,C,Nice Napakahusay tama!,Ay naku mali pa!
250,Powerplant,Pao_D_gentleman_Final_QUiz,A bicycle tire has a volume of 600 cm^3. It is inflated with carbon dioxide to pressure of 551.43 Kpa _ 20 degC how many grams of CO2 are contained in the tire? R=0.18896 kj/kg-K,5.98 g,6.43 g,4.63 g,3.83 g,A,Nice Napakahusay tama!,Ay naku mali pa!
251,Powerplant,Pao_D_gentleman_Final_QUiz,The absolute pressure at the bottom of a vertical column of water is 15.5 psia. What is the height of this column?,22 in,9.2 in,12 in,9.8 in,A,Nice Napakahusay tama!,Ay naku mali pa!
252,Powerplant,Pao_D_gentleman_Final_QUiz,A water temperature rise of 18 degF in the water cooled condenser is equivalent in degC to ---,7.78 degC,10 degC,263.56 degK,-9.44 degC,B,Nice Napakahusay tama!,Ay naku mali pa!
253,Powerplant,Pao_D_gentleman_Final_QUiz,An oil storage tank contains oil with specific gravity of 0.88 and depth of 20 meters. What is the hydrostatic pressure at the bottom of the tank in kg/cm^2?,1.67,1.76,1.56,1.87,B,Nice Napakahusay tama!,Ay naku mali pa!
254,Powerplant,Pao_D_gentleman_Final_QUiz,A vertical column of water will be supported to what height by standard atmospheric pressure?,34 ft,36 ft,24 ft,26 ft,A,Nice Napakahusay tama!,Ay naku mali pa!
255,Powerplant,Pao_D_gentleman_Final_QUiz,The specific weight of liquid is 60 lb/ft^3 what is the equivalent to Kn/m^3,9.334,9.249,9.643,9.420,D,Nice Napakahusay tama!,Ay naku mali pa!
256,Powerplant,Pao_D_gentleman_Final_QUiz,"A cylinder weighs 150 lbf. Its cross0sectional area is 50 square inches, when the cylinder stands vertically on one end, what pressure does the cylinder exert on the floor?",141 Kpa,"58,2 Kpa",0.258 bar,0.141 bar,C,Nice Napakahusay tama!,Ay naku mali pa!
257,Powerplant,Pao_D_gentleman_Final_QUiz,What is the absolute pressure exerted on the surface of a submarine cruising 300 ft below the free surface of the sea? Assume specific gravity of sea water is 1.03,133.9 Psia,148.6 Psia,100.7 Psia,103.7 Psia,B,Nice Napakahusay tama!,Ay naku mali pa!
258,Powerplant,Pao_D_gentleman_Final_QUiz,Air enters a nozzle steadily at 2.21 kg/m^3 and 30 m/s . What is the mass flow rate through the nozzle if the inlet area of the nozzle is 80 cm^2?,0.35 kg/s,3.5 kg/s,5.3 kg/s,0.53 kg/s,D,Nice Napakahusay tama!,Ay naku mali pa!
259,Powerplant,Pao_D_gentleman_Final_QUiz,The work required to accelerate an 800 kg car from rest to 100 km/h on a level road;,308.6 Kj,806.3 Kj,608.3 Kj,386 Kj,A,Nice Napakahusay tama!,Ay naku mali pa!
260,Powerplant,Pao_D_gentleman_Final_QUiz,"Assuming that there are no heat effects and no friction effects, find the speed of a 3220-lbm body after it falls 778 ft from rest",422 ft/sec,424 ft/sec,224 ft/sec,424 ft/sec,C,Nice Napakahusay tama!,Ay naku mali pa!
261,Powerplant,Pao_D_gentleman_Final_QUiz,What is the flow rate through a pipe 4 inches in diameter carrying water at a velocity of 11 ft/sec?,430.84 gpm,7.18 gpm,340.28 gpm,39.16 gpm,A,Nice Napakahusay tama!,Ay naku mali pa!
262,Powerplant,Pao_D_gentleman_Final_QUiz,"If the specific weight of a liquid is 58.5 lbf per cubic foot, what is the specific volume of the liquid in cm^3/g?",0.5321 cm^3/g,0.6748 cm^3/g,0.9504 cm^3/g,1.0675 cm^3/g,D,Nice Napakahusay tama!,Ay naku mali pa!
263,Powerplant,Pao_D_gentleman_Final_QUiz,What is the resulting pressure when one pound of air at 0.3 psig and 200 degF is heated at constant volume to 800 degF?,0.572 psig,28.6 psia,7.857 psia,1.2 psig,B,Nice Napakahusay tama!,Ay naku mali pa!
264,Powerplant,Pao_D_gentleman_Final_QUiz,"A small pump serving as model, when tested in laboratory using water at 3600 rpm, delivered 3.0 cfs at a head of 125 ft. if the efficiency of this model pump is 84%. Predict the horsepower input to the prototype pump if it is develop the same heads as model pump and the model pump has scale ratio of 1:10. Assume the efficiency of the prototype pump is 90%.",50.6 HP,4730 HP,3740 HP,60.5 HP,B,Nice Napakahusay tama!,Ay naku mali pa!
265,Powerplant,Pao_D_gentleman_Final_QUiz,"Pump at its best efficiency (BEP) has a capacity of 10,500 gpm while developing a head of 60 ftA rotative speed of 1450 rpm. What is the specific speed of the pump?",2760,1450,2476,6892,D,Nice Napakahusay tama!,Ay naku mali pa!
266,Powerplant,Pao_D_gentleman_Final_QUiz,A pump will be installed below the reservoir water surface with a required net positive suction head (NPSH) of 50 ft. the barometric pressure is 14.3 Psia and the vapor pressure is 0.5 psia. Assume friction losses in the intake piping are 5 ft. find the maximum allowable elevation of the pump relative to the water surface intake to avoid cavitation.,45 ft,55 ft,18.2 ft,23.2 ft,D,Nice Napakahusay tama!,Ay naku mali pa!
267,Powerplant,Pao_D_gentleman_Final_QUiz,"Centrifugal pump at best efficiency point (BEP). Assume the pump characteristics are head, h= 7m , flow rate, Q = 19 liters/sec, and rotative speed n=1170 rpm. Find the specific speed in SI units.",0.4,0.71,10.41,3.94,B,Nice Napakahusay tama!,Ay naku mali pa!
268,Powerplant,Pao_D_gentleman_Final_QUiz,15 in. diameter fan operates at 1600 rpm and develops a head of 6 in. of water and delivers 120 cfm. What volumetric capacity for geometrically similar fan that will develop 6 in. of water at 1300 rpm?,147.70 cfm,181.8 cfm,97.5 cfm,79.2 cfm,B,Nice Napakahusay tama!,Ay naku mali pa!
269,Powerplant,Pao_D_gentleman_Final_QUiz,"Radial flow pump operating at maximum efficiency at a specific speed of 2500 is deliver 260 rpm against a head of 129 ft at a rotative speed of 2100 rpm find the required number of stages (I,e impellers)",2 stages,3 stages,4 stages,5 stages,C,Nice Napakahusay tama!,Ay naku mali pa!
270,Powerplant,Pao_D_gentleman_Final_QUiz,"How many identical turbines, operating at 139.0 rpm and 91% efficiency (specific speed = 5.4), are needed to exploit a head of 1200 ft and a flow of 1660 ft^3/s",2 turbines,3 turbines,4 turbines,5 turbines,B,Nice Napakahusay tama!,Ay naku mali pa!
271,Powerplant,Pao_D_gentleman_Final_QUiz,"How many poles should be a 60-Hz generator have, if it is connected to a turbine operating under a design head of 3000 ft with a flow of 82 cfs? Assume turbine specific speed and efficiency 3 and 84 percent respectively.",10 pole,12 pole,14 pole,16 pole,D,Nice Napakahusay tama!,Ay naku mali pa!
272,Powerplant,Pao_D_gentleman_Final_QUiz,"It is proposed to build a dam in a river where the flow rate is 10 m^3/sec and a 32-m drop in elevation can be achieved for flow through a turbine. If the turbine is 82% efficient, what is the maximum power that can be achieved? Specific gravity of river water is 0.998",2570 KW,3133 KW,3820 KW,262 Kw,A,Nice Napakahusay tama!,Ay naku mali pa!
273,Powerplant,Pao_D_gentleman_Final_QUiz,"What type of turbine delivers 25,000 bhp at 500 rpm under a net head of 5350 ft",Impulse turbine,Francis turbine,Kaplan turbine,Propeller turbine,A,Nice Napakahusay tama!,Ay naku mali pa!
274,Powerplant,Pao_D_gentleman_Final_QUiz,A 26-hp delivers 475 gpm of gasoline (w= 42.5 lb/ft^3) at 20 deg C with 78% efficiency. what pressure rise result across the pump?,30.2 psi,32.7 psi,120.3 psi,73 psi,D,Nice Napakahusay tama!,Ay naku mali pa!
275,Powerplant,Pao_D_gentleman_Final_QUiz,A model pump delivering water at 180 degF (w= 60.6 lb/ft^3; p(vapor) = 7.54 Psia) at 900 gpm and 2500 rpm begins to cavitate the inlet pressure and velocity are 13 psia and 22 fps. Find the required NPSH of a protype which is 4 times larger and runs at 1100 rpm.,63.5 ft,20.49 ft,6.61 ft,36 ft,A,Nice Napakahusay tama!,Ay naku mali pa!
276,Powerplant,Pao_D_gentleman_Final_QUiz,"The diameter of the discharge pipe is 8 in. and that of the intake pipe is 10 in. the pressure gage at discharge reads 32 psi, and vacuum gage at the intake reads 12 in HG, if the discharge flow rate = 4.0 ft^3/s of water and the brake power horsepower is 49, find the efficiency. The intake and the discharge are at the same elevation.",82.1 %,80.9 %,55.8 %,58.46 %,A,Nice Napakahusay tama!,Ay naku mali pa!
277,Powerplant,Pao_D_gentleman_Final_QUiz,A piston positive- displacement pump (PDP) has 6-in diameter and a 2.5-in stroke. Is crankshaft rotates at 300 rpm. Calculate its output at 94 percent volumetric efficiency.,12.27 cfm,13.5 cfm,10 cfm,11.53 cfm,D,Nice Napakahusay tama!,Ay naku mali pa!
278,Powerplant,Pao_D_gentleman_Final_QUiz,"A centrifugal pump (efficiency 88%) lifts water through a total height of 40 m from reservoir to discharge. Pumping is through 300 m of 75mm diameter pipe at the rate of 20 liter/sec. if pipe friction factor f= 0.025, what horsepower is required?",28.4 KW,32.2 KW,25 KW,9 kW,B,Nice Napakahusay tama!,Ay naku mali pa!
279,Powerplant,Pao_D_gentleman_Final_QUiz,"In order to predict the behavior of a small oil pumps, tests are to be made on a model using air. The other pump is to be driven by a 1/20 HP motor at 1800 rpm and a ¼ HP motor is available to drive the air pump at 600 rpm. Using specific gravity of oil at 0.912 and density of air constant at 0.076 lb/ft^3, what size model should be built?",The model should be 2 times as large as the oil pump,The model should be 5 times as large as the oil pump,The model should be 8 times as large as the oil pump,The model should be 10 times as large as the oil pump,D,Nice Napakahusay tama!,Ay naku mali pa!
280,Powerplant,Pao_D_gentleman_Final_QUiz,"A double-overhung impulse-turbine installation is to develop 20,000 hp at 275 rpm under a net head 100 ft. determine the specific speed.",4.34,6.14,203.61,144,A,Nice Napakahusay tama!,Ay naku mali pa!
281,Powerplant,Pao_D_gentleman_Final_QUiz,An impulse wheel at best produces 125 HP under a head of 2.0 ft. by what percent should the speed increased for a 290 ft-head?,82.5%,17.5%,72.41%,13.5%,B,Nice Napakahusay tama!,Ay naku mali pa!
282,Powerplant,Pao_D_gentleman_Final_QUiz,What is the power ratio of a pump and its 1/5 scale model if the ratio of heads is 4 to 17,20,200,12.5,125,B,Nice Napakahusay tama!,Ay naku mali pa!
283,Powerplant,Pao_D_gentleman_Final_QUiz,The speed of a centrifugal pump is doubled. By what factor does the pump head change?,0.125,0.25,4,8,C,Nice Napakahusay tama!,Ay naku mali pa!
284,Powerplant,Pao_D_gentleman_Final_QUiz,"Compute the specific volume of an air-vapor mixture in cubic meters per kilogram of dry air when the following conditions prevail; t = 40 degC, w = 0.015 kg/kg, and P=100 Kpa",0.99 m^3/kg,0.89 m^3/kg,0.79 m^3/kg,0.69 m^3/kg,A,Nice Napakahusay tama!,Ay naku mali pa!
285,Powerplant,Pao_D_gentleman_Final_QUiz,"A coil has an inlet temperature of 70 degF and outlet of 80 degF, if the mean temperature of the coil is 130 degF, find the bypass factor of the coil.",0.28,1.20,0.82,0.83,D,Nice Napakahusay tama!,Ay naku mali pa!
286,Powerplant,Pao_D_gentleman_Final_QUiz,"Compute the pressure drop of 35 degC air flowing with a mean velocity of 5 m/s in a circular sheet-metal duct 100 mm in diameter and 25m long. Use a friction factor, f= 0.04 and p=1.3799 kg/m^3.",431.22 Pa,221.34 Pa,312.22 Pa,422. 31 Pa,A,Nice Napakahusay tama!,Ay naku mali pa!
287,Powerplant,Pao_D_gentleman_Final_QUiz,"A pressure difference of 400 Pa is available to force 20 degC air through a circular sheet-metal duct 450mm. In diameter and 25m long. At 20 degC, p=1.204 kg/m^3 and take friction factor, f=0.016. Determine the velocity.",27.43 ft/s,43.72 ft/s,89.68 ft/s,86.98 ft/s,C,Nice Napakahusay tama!,Ay naku mali pa!
288,Powerplant,Pao_D_gentleman_Final_QUiz,A rectangular duct has a dimension of 0.25 m by 2m. Determine the equivalent diameter of the duct.,0.50 m,0.60 m,0.70 m,0.40 m,D,Nice Napakahusay tama!,Ay naku mali pa!
289,Powerplant,Pao_D_gentleman_Final_QUiz,To what height will a barometer column rise if the atmospheric conditions are 13.9 psia and 68 degF and barometric fluid is mercury ?,3.56 ft/s,5.36 ft/s,2.36 ft/s,3.26 ft/s,C,Nice Napakahusay tama!,Ay naku mali pa!
290,Powerplant,Pao_D_gentleman_Final_QUiz,To what height will a barometer column rise if the atmospheric conditions are 13.9 psia and 68 degF and barometric fluid is ethyl alcohol ? Note: @ 68degF; Pv=138.5 lbf/ft^2 and specific gravity of 0.79 for ethyl alcohol.,79.37 in.,37.79 in.,353.54 in.,453.53 in.,D,Nice Napakahusay tama!,Ay naku mali pa!
291,Powerplant,Pao_D_gentleman_Final_QUiz,What is the pressure 7000 ft below the water surface of the ocean ? Neglect compressibility.,512 000 psf,324 500 psf,447 000 psf,213 000 psf,C,Nice Napakahusay tama!,Ay naku mali pa!
292,Powerplant,Pao_D_gentleman_Final_QUiz,"Atmospheric air 14.7 psia and 60 degF at sea level, what is the pressure at 14 212 ft. altitude. If air is compressibility. ? Note: @ 60 degF; the density of air is 0.0763 lbm/ft^3; P1=14.7 psia",5.4674 psia,7.5304 psia,7.1696 psia,7.1966 psia,C,Nice Napakahusay tama!,Ay naku mali pa!
293,Powerplant,Pao_D_gentleman_Final_QUiz,Water (p=62.4 lbm/ft^3) is flowing through a pipe. A pitot-static gage registers 3.0 inches of mercury. What is the velocity of the water in the pipe ? Note: Phg= 848.6 lbm/ft^3.,14.7 ft/s,41.7 ft/s,71.4 ft/s,74.1 ft/s,A,Nice Napakahusay tama!,Ay naku mali pa!
294,Powerplant,Pao_D_gentleman_Final_QUiz,The mass of an outside air at 50degC in an air conditioning unit is 60kg. find the temperature after mixing if the outside air mixed with 40kg with recirculated air at 35degC.,44 degC,39 degC,52 degC,47 degC,A,Nice Napakahusay tama!,Ay naku mali pa!
295,Powerplant,Pao_D_gentleman_Final_QUiz,"A creamery must cool 20,000 liters of milk received each day from initial temperature of 29 degC to a final temperature of 2 degC n 5hrs. If the refrigeration loses amount to 10 % of the cooling load, what must be the capacity of the refrigerating machine ?",38.5 TOR,36.5 TOR,37.5 TOR,39.5 TOR,A,Nice Napakahusay tama!,Ay naku mali pa!
296,Powerplant,Pao_D_gentleman_Final_QUiz,How many tons of refrigerant are required to produce 10 metric tons of ice per day at-10 degC from raw way at 22 degC. If miscellaneous losses are 15% of the chilling and freezing load?,17 TOR,20 TOR,15 TOR,24 TOR,A,Nice Napakahusay tama!,Ay naku mali pa!
297,Powerplant,Pao_D_gentleman_Final_QUiz,Five hundred kilograms of poultry enter a chilled to s final temperature of -18degC for storage in 15hrs. The specific heat above and below freezing are 3.18 kj/kg degC and 1.55 kj/kg degC respectively. The latent heat is 246 kj/kg and the freezing temperature is -5 degC. Compute the product load.,2.75 KW,2.85 KW,2.95 KW,3.15 KW,B,Nice Napakahusay tama!,Ay naku mali pa!
298,Powerplant,Pao_D_gentleman_Final_QUiz,"Fish weighing 11,000 kg with a temperature of 20 degC is brought to a cold storage and which shall be cooled at 10 degC in 11hrs. Find the required plant refrigerating capacity in tons of refrigeration if the specific heat of fish is 0.7 Kcal/kg degC above freezing and 0.30 Kcal/kg degC below freezing point which is -3degC. The latent heat freezing is 55.5 Kcal/kg.",25.26 TOR,15.26 TOR,14.38 TOR,24.38 TOR,D,Nice Napakahusay tama!,Ay naku mali pa!
299,Powerplant,Pao_D_gentleman_Final_QUiz,The power requirement of a carnot refrigerator in maintaining a low temperature region at 300 K is 1.5 kw per ton. Find the heat rejected ?,4.02 KW,7.02 KW,5.02 KW,6.02 KW,C,Nice Napakahusay tama!,Ay naku mali pa!
300,Powerplant,Pao_D_gentleman_Final_QUiz,A vapor compression refrigeration systym is designed to have a capacity of 150 tons of refrigeration. It produces chilled water from 22 degC to 2 degC. Its actual coefficient of performance is 5.86 and 35% of the power supplied to the compressor is lost in the form of friction and cylinder cooling losses. Determine the condenser cooling water required for a temperature rise of 10 degC.,14.75 kg/s,15.65 kg/s,18.65 kg/s,13.75 kg/s,A,Nice Napakahusay tama!,Ay naku mali pa!
301,Powerplant,Pao_D_gentleman_Final_QUiz,Determine the heat extracted from 2000 kg of water from 25 degC to ice at -10 degC.,"621,150 kj","721,150 kj","821 ,150 kj","921,150 kj",D,Nice Napakahusay tama!,Ay naku mali pa!
302,Powerplant,Pao_D_gentleman_Final_QUiz,"A single acting, twin cylinder, ammonia compressor with bore equal to stroke is driven by an engine at 250 rpm. The machine is installed in a chilling plant to produce 700 kw of refrigeration at -18degC evaporating temperature. At this temperature the cooling effect per kg mass is 1160 kj. The specific volume of vapor entering the compressor is 0.592 m^3 per kilogram. Assume 85% volumetric efficiency, determine the bore in mm.",400 mm,300 mm,450 mm,500 mm,A,Nice Napakahusay tama!,Ay naku mali pa!
303,Powerplant,Pao_D_gentleman_Final_QUiz,An iron block weight 7 newtons and has a volume of 200 cubic centimeters. What is the density of the block.,3465 kg/m^3,3565 kg/m^3,1255 kg/m^3,2550 kg/m^3,B,Nice Napakahusay tama!,Ay naku mali pa!
304,Powerplant,Pao_D_gentleman_Final_QUiz,The density of the gas is 0.003 slugs per cubic foot what is the specific weight of the gas?,9.04 N/m3,15.2 N/m3,76.3 N/m3,98.2 N/m3,B,Nice Napakahusay tama!,Ay naku mali pa!
305,Powerplant,Pao_D_gentleman_Final_QUiz,The specific gravity of mercury relative to water is 13.5. what is the specific weight of mercury ? (the specific weight of water is 62.4 lbf per cubic foot.),82.2 kN/m3,102.3 kN/m3,132.9 kN/m3,150.9 kN/m3,C,Nice Napakahusay tama!,Ay naku mali pa!
306,Powerplant,Pao_D_gentleman_Final_QUiz,"The specific weight of a liquid is 58.5 lb per cubic foot, what is the specific volume of the liquid ?",0.5321 cm3/g,0.6748 cm3/g,0.9504 cm3/g,1.0675 cm3/g,D,Nice Napakahusay tama!,Ay naku mali pa!
307,Powerplant,Pao_D_gentleman_Final_QUiz,Which of the following are not units of pressure ?,Pa,Bars,Kg/m.s^2,Kg/m^2,C,Nice Napakahusay tama!,Ay naku mali pa!
308,Powerplant,Pao_D_gentleman_Final_QUiz,"A cylinder weight 150 lb. its cross-section area is 40 square inches. When the cylinder stand vertically on one end, what pressure does the cylinder exert on the floor ?",14.1 kpa,25.8 kpa,63.2 kpa,89.7 kpa,B,Nice Napakahusay tama!,Ay naku mali pa!
309,Powerplant,Pao_D_gentleman_Final_QUiz,What pressure is a column of water 100 centimeters high equivalent to ?,9810 Dyne/cm2,9810 N/m2,0.1 bars,O.1 atm,B,Nice Napakahusay tama!,Ay naku mali pa!
310,Powerplant,Pao_D_gentleman_Final_QUiz,"Water is flowing in a pipe with a radius of 10” at a velocity of 5m/s. at the temperature in the pipe, the density and viscosity of the water are as follows:P=997.9 kg/m3U=1.131 pa.sWhat is the Reynold’s number for this situation?",44.1,88.2,1140,2241,D,Nice Napakahusay tama!,Ay naku mali pa!
311,Powerplant,Pao_D_gentleman_Final_QUiz,How long must a current of 5.0 amperes pass through a 10 ohm resistor until a charge of 1200 coulombs passes through ?,1 min,2 min,3 min,4 min,D,Nice Napakahusay tama!,Ay naku mali pa!
312,Powerplant,Pao_D_gentleman_Final_QUiz,A car moving at 70 km/hr has a mass of 1700 kg. what force is necessary decelerate it at rate of 0.4 m/s2.,O.680 N,42.5 N,680 N,4250 N,C,Nice Napakahusay tama!,Ay naku mali pa!
313,Powerplant,Pao_D_gentleman_Final_QUiz,One hundred millimeters of water in a plastic bag negligible mass is to be catapulted upwards with an initial acceleration of 20.0 m/s2. What force is necessary to do this ? assume that gravity is 9.81 m/s2 and the density of water is 1 g/cm3.,2.00 N,2.98 N,15.0 N,2.00 kN,B,Nice Napakahusay tama!,Ay naku mali pa!
314,Powerplant,Pao_D_gentleman_Final_QUiz,A boy pulls a sled with a mass of 20kg horizontally over a surface with a coefficient of friction of 0.20. it takes him 10 minutes to pull the sled 100 yards. What is his average power output over these 10 minutes ?,4 W,6 W,8 W,10 W,B,Nice Napakahusay tama!,Ay naku mali pa!
315,Powerplant,Pao_D_gentleman_Final_QUiz,A force of 200lb acts on a block at an angle of 28 deg. With respect to horizontal. The block is pushed 2 feet horizontally. What is the work done by this force?,215 J,320 J,480 J,540 J,C,Nice Napakahusay tama!,Ay naku mali pa!
316,Powerplant,Pao_D_gentleman_Final_QUiz,"Two particles collide, stick together , and continue their motion together.Each particle has a mass of 10 g, and their respective velocities before the collision were 10 m/s and 100 m/s. what is the energy of the system after the collision ?",21.8 J,30.2 J,42.8 J,77.9 J,B,Nice Napakahusay tama!,Ay naku mali pa!
317,Powerplant,Pao_D_gentleman_Final_QUiz,"A copper bar is 90 centimeters long at 80 degF. What is the increase in its length when the bar is heated to 95 degF. The linear expansion coefficient for copper, alpha, is 1.7x10^-5 1/degC.",2.12x10-5 m,3.22x10-5 m,5.25x10-5 m,7.65x10-5 m,D,Nice Napakahusay tama!,Ay naku mali pa!
318,Powerplant,Pao_D_gentleman_Final_QUiz,Calculate the energy transfer ate across a 6” wall of firebrick with a temperature difference across the wall of 50degC. The conductivity of firebrick is 0.65 BTU/hr-ft-degF at the temperature of interest.,112 W/m2,285 W/m2,369 W/m2,429 W/m2,C,Nice Napakahusay tama!,Ay naku mali pa!
319,Powerplant,Pao_D_gentleman_Final_QUiz,"A house has brick walls 15 millimeters thick. On a cold winter day, the temperature f the inner and outer surface of the walls are measured and found to be 20 degC and -12 degC, respectively. If there is 120 m2 of exterior wall space, and the thermal conductivity of bricks is 0.711 j/m.s.degC. how much heat is lost through the walls per hour ?",182 J,12.5 J,655 J,655 MJ,D,Nice Napakahusay tama!,Ay naku mali pa!
320,Powerplant,Pao_D_gentleman_Final_QUiz,"If a one-third horse power pump runs for 20 minutes, what is the energy used ?",0.06 ergs,0.25 Kw,0.30 MJ,0.11 Kw.h,C,Nice Napakahusay tama!,Ay naku mali pa!
321,Powerplant,Pao_D_gentleman_Final_QUiz,"A power of 6kw is supplied to the motor of a crane. The has an efficiency of 90%. With what constant speed does the crane lift an 800 lb,weight ?",0.09 cm/s,0.32 cm/s,0.98 cm/s,1.52 cm/s,D,Nice Napakahusay tama!,Ay naku mali pa!
322,Powerplant,Pao_D_gentleman_Final_QUiz,"An engine has an efficiency of 25%. It uses 2 gallons of gasoline per hour. Gasoline Has a heating value of 20,500 BTU/lbm and a specific gravity of 0.8. what is the power output of the engine ?",0.33 Kw,20.8 Kw,26.0 Kw,41.7 Kw,B,Nice Napakahusay tama!,Ay naku mali pa!
323,Powerplant,Pao_D_gentleman_Final_QUiz,"Two liters of an ideal gas, at a temperature of t1=25 degC and a pressure of P1=0.101 Mpa, are in a 10 cm diameter cylinder with a piston at one end. The piston is depressed, so that the cylinder is shortened by 10 centimeters. The temperature increases by 2 degC. What is the change in pressure ?",0.156 MPA,0.167 MPA,0.251 MPA,0.327 MPA,B,Nice Napakahusay tama!,Ay naku mali pa!
324,Powerplant,Pao_D_gentleman_Final_QUiz,What is the average power output of this engine ?,89.5 N/s,89.5 KW,89.5x10^3 j. m/s,89.5 KJ,B,Nice Napakahusay tama!,Ay naku mali pa!
325,Powerplant,Pao_D_gentleman_Final_QUiz,"What is the power required to transfer 97,000 coulombs of charge through a potentials rise of 50 volts in one hour?",0.5 KW,0.9 KW,1.3 KW,2.8 KW,C,Nice Napakahusay tama!,Ay naku mali pa!
326,Powerplant,Pao_D_gentleman_Final_QUiz,A current of 7 amperes passes through a 12 ohm resistor. What is the power dissipated in the resistor ?,84 KW,0.59 hp,0.79 hp,7 hp,B,Nice Napakahusay tama!,Ay naku mali pa!
327,Powerplant,Pao_D_gentleman_Final_QUiz,"What is the pressure at point A in the tank if h=2 feet? (g=32.3 ft/sec2, and p=1.94 slug/ft3)",75 lbf/ft2,85 lbf/ft2,100 lbf/ft2,125 lbf/ft2,D,Nice Napakahusay tama!,Ay naku mali pa!
328,Powerplant,Pao_D_gentleman_Final_QUiz,"Determine the average velocity through a circular section in which the velocity distribution is given if a v=Vmax[1-(R/Ro)^2]. The distribution is symmetric with respect to the longitudinal axis, r=0, Ro is the outer radius, Vmax is the velocity along the longitudinal axis.",Vmax/4,Vmax/3,Vmax/2,Vmax,C,Nice Napakahusay tama!,Ay naku mali pa!
329,Powerplant,Pao_D_gentleman_Final_QUiz,"A pipe has a diameter of 4” at section AA, and a diameter of 2” at section BB. For an ideal fluid flow, the velocity is given as 1 ft/sec at section AA. What is the flow velocity at section BB?",4 ft/sec,O.5 ft/sec,1.0 ft/sec,2.0 ft/sec,A,Nice Napakahusay tama!,Ay naku mali pa!
330,Powerplant,Pao_D_gentleman_Final_QUiz,"A mixing tank mixes two inlet streams containing salt. The salt concentration in stream 1 is 5% by weight, and stream 2 it is 15% by weight. Stream 1 flows at 25 kg/s , and stream 2 flows at 10 kg/s. there is only one exit stream. Find the salt concentration in the exit stream?",5%,8%,11%,13%,B,Nice Napakahusay tama!,Ay naku mali pa!
331,Powerplant,Pao_D_gentleman_Final_QUiz,"Water is pumped at 1 m^3/s to an elevation of 5 meters through a flexible hose using a 100% efficient pump rated at 100 kilowatts. Using the same length of hose, what size motor is needed to pump 1m^3/s of water to a tank with no elevation gain? In both cases both ends of the hose are at temperature pressure. Neglect kinetic energy effect.",51 KW,22 KW,36 KW,43 KW,A,Nice Napakahusay tama!,Ay naku mali pa!
332,Powerplant,Pao_D_gentleman_Final_QUiz,A fluid with a kinetic viscosity of 2.5x10^-5 ft2/sec is flowing at 0.1 ft/sec from an orifice 3” in diameter. How can a fluid be described ?,The fluid is completely turbulent,The fluid is in transition zone,The fluid is laminar,Turbulent cannot be calculated; it must be measured,C,Nice Napakahusay tama!,Ay naku mali pa!
333,Powerplant,Pao_D_gentleman_Final_QUiz,"The Reynolds number of a sphere falling in air is 1x10^6. If the sphere’s radius is 1ft, what is its velocity? (P air=0.00234 slug/ft3, U air=3.8x10lbf-sec/ft3)",2.5 ft/sec,5.1 ft/sec,40.6 ft/sec,81.2 ft/sec,D,Nice Napakahusay tama!,Ay naku mali pa!
334,Powerplant,Pao_D_gentleman_Final_QUiz,"The flow rate of water through a cast iron is 5000 gallons per mnute. The diameter of the pipe is 1 foot, and the coefficient of friction is f=0.0173. what is the pressure drop over a 100 foot length of pipe ?",21.078 lbf/ft2,23.78 lbf/ft2,337.26 lbf/in2,337.26 lbf/ft2,D,Nice Napakahusay tama!,Ay naku mali pa!
335,Powerplant,Pao_D_gentleman_Final_QUiz,A cylindrical flash tank mounted with its axis horizontal is used to separate liquid ammonia from ammonia vapor. The ammonia vapor bubbles through the liquid with 70 m3/min leaving the disengaging surface. The disengaging rate is limited to 60 m/min and the liquid level is to operate with the liquid level one-third of the diameter from the top. Determine the diameter if the tank is 1.5 m long.,830 mm,730 mm,860 mm,760 mm,A,Nice Napakahusay tama!,Ay naku mali pa!
336,Powerplant,Pao_D_gentleman_Final_QUiz,"A 150 HP motor is used to drive a compressor. If the heat loss from the compressor is 25 KW and the mass flow rate of the refrigerant entering the compressor is 0.50 kg/s, determine the difference of the enthalpies between the inlet and outlet of the compressor.",143.80 kj/kg,153.80 kj/kg,173.80 kj/kg,183.80 kj/kg,C,Nice Napakahusay tama!,Ay naku mali pa!
337,Powerplant,Pao_D_gentleman_Final_QUiz,"To cool farm products, 300 kg of ice at -4.4 degC are placed in bunker. Twenty four hours late the ice have melted into water at 7.2 degC. what is the average rate of cooling provided by the ice in kj/kh?",2679.28 kj/hr,5679.28 kj/hr,3679.28 kj/hr,4679.28 kj/hr,D,Nice Napakahusay tama!,Ay naku mali pa!
338,Powerplant,Pao_D_gentleman_Final_QUiz,"Determine the estimated condenser load for an open type compressor having a cooling capacity of 16,500 Btu/hr and a heat rejection factor of 1.32.","22,280 Btu/hr","20,780 Btu/hr","21,780 Btu/hr","19,780 Btu/hr",C,Nice Napakahusay tama!,Ay naku mali pa!
339,Powerplant,Pao_D_gentleman_Final_QUiz,"If the load on water-cooled condenser in 150,000 Btu/hr and the temperature rise of te water in the condenser is 10 degF, what is the quantity of water circulated in gpm?",30 GPM,40 GPM,20 GPM,50 GPM,A,Nice Napakahusay tama!,Ay naku mali pa!
340,Powerplant,Pao_D_gentleman_Final_QUiz,"The load on a water-cooled is 90,000 Btu/hr. if the quantity of water circulated through the condenser is 15gpm, determine the temperature rise of the water in the condense.",12 degF,14 degF,16 degF,18 degF,A,Nice Napakahusay tama!,Ay naku mali pa!
341,Powerplant,Pao_D_gentleman_Final_QUiz,"The weight of ammonia circulated in a machine is found to be 21.8 lb/hr. if the vapor enters the compressor with a specific volume of 9.4 ft3/ld, calculate the piston displacement ,assuming 80% volume efficiency.",261.6 ft3/hr,271.6 ft3/hr,281.8 ft3/hr,291.6 ft3/hr,A,Nice Napakahusay tama!,Ay naku mali pa!
342,Powerplant,Pao_D_gentleman_Final_QUiz,"A single-stage ammonia stage compressor is producing 10 tons of refrigeration and the power consumed is 15 HP. Suction pressure is 25psi, condensing pressure is 180 psi. Brine temperature is 20 degF off brine cooler. Determine the actual coefficient of performance.",10.14,11.14,12.14,13.14,D,Nice Napakahusay tama!,Ay naku mali pa!
343,Powerplant,Pao_D_gentleman_Final_QUiz,In an ammonia condensing machine (compressor plus condenser) the water used for condensing is 55 degF and the evaporator is at 15 degF. Calculate the ideal COP.,11.875,12.875,10.875,13.875,A,Nice Napakahusay tama!,Ay naku mali pa!
344,Powerplant,Pao_D_gentleman_Final_QUiz,How much refrigeration capacity is required to cool 2000 cfm of air from 85 degF to 70 degF ?,2.7 TOR,3.7 TOR,1.7 TOR,4.7 TOR,A,Nice Napakahusay tama!,Ay naku mali pa!
345,Powerplant,Pao_D_gentleman_Final_QUiz,Determine the coil face area required to maintain a face velocity of 400 ft/min. if the air flow rate over the coil is 2100 ft3/min.,3.25 ft2,4.25 ft2,5.25 ft2,6.25 ft2,C,Nice Napakahusay tama!,Ay naku mali pa!
346,Powerplant,Pao_D_gentleman_Final_QUiz,"Calculate the heat transfer per hour through a solid bricks wall 6m long, 1.9m high, and 225 mm thick, when the outer surface is at 5 degC and the inner surface 17 degC, the coefficient of thermal conductivity o the bricks being 0.6 W/m-K.","2,004.48 kJ","3,004.48 kJ","2,400.48 kJ","3,400.48 kJ",A,Nice Napakahusay tama!,Ay naku mali pa!
347,Powerplant,Pao_D_gentleman_Final_QUiz,"A vertical furnace wall is made up of an inner wall of firebrick 20cm thick followed by insulating brick 15 cm thick and an outer wall of steel 1 cm thick. The surface temperature of the wall adjacent to the combustion chamber is 1200 degC while that of the outer surface of steel is 50 degC. The thermal conductivities of the wall material in W/m-k are firebrick, 10; insulating brick, 0.26; and steel,45. Neglecting the film resistances and contact resistance of joints, determine the heat loss per sq.m. of wall area.",1.93 W/m2,2.93 W/m2,1.55 W/m2,2.55 W/m2,A,Nice Napakahusay tama!,Ay naku mali pa!
348,Powerplant,Pao_D_gentleman_Final_QUiz,A composite wall is made up of an external thickness of brickwork 110 mm thick inside which is a layer of fireglass 75 mm thick. The fireglass is faced internally by an insulating board 25 mm thick. The coefficient of thermal conductivity for the three are as follows;Brickwork1.5 W/m-kFireglass0.04 W/m-kInsulating board0.06 W/m-kThe surface transfer coefficient of the inside wall is 3.1 W/m2-k while that of the outside wall is 2.5 W/m2-k. take the internal ambient temperature as 0 degC and the external temp. is 27 degC. Determine the heat loss through such wall 6 m high and 10 m lng.,330.10 W,230.10 W,430.10 W,530.10 W,A,Nice Napakahusay tama!,Ay naku mali pa!
349,Powerplant,Pao_D_gentleman_Final_QUiz,"One insulated wall of a cold- storage compartment is 8m long by 2.5 high and consists of an outer steel plate 18 mm thick. An inner wood wall 22.5 mm thick, the steel and wood are 90 mm apart to form a cavity which is filled with cork. If the temperature drops across the extreme faces of the composite wall is 15 degC. Calculate the heat transfer per hour through the wall and the temperature drop across the thickness of the cork. take the coefficient of thermal conductivity for steel, cork and wood as 45, 0.045, and 0.18 W/m-k respectively.","408.24 KJ, 12.12 degC","708.24 KJ, 11.12 degC","608.24 KJ, 13.12 degC","508.24 KJ, 14.12 degC",D,Nice Napakahusay tama!,Ay naku mali pa!
350,Powerplant,Pao_D_gentleman_Final_QUiz,"A furnace wall consist of 35 cm firebrick ( k = 1.557 W/m-k) , 12 cm insulating refractory (k = 0.346) and 20 cm common brick ( k = 0.692 ) covered with 7 cm steel plate( k = 45 ) . the temperature at the inner surface of the firebrick is 1,230 degC and at the outer face of the steel plate is 60 degC. Atmosphere 27 degC. What is the value of the combined coefficient convection and radiation from the outside wall?",31.13 W/m^2-K,30.13 W/m^2-K,41.3 W/m^2-K,40.13 W/m^2-K,C,Nice Napakahusay tama!,Ay naku mali pa!
351,Powerplant,Pao_D_gentleman_Final_QUiz,Hot gases at 280 degC flow on one side of a metal plate of 10mm thickness and air at 35 degC flows the other side. The heat transfer coefficient of the gases is 31.5 W/m^2-k and that of the air is 32 W/m^2-K. calculate the over all transfer coefficient.,15.82 W/m^2-K,16.82 W/m^2-K,14.82 W/m^2-K,17.82 W/m^2-K,A,Nice Napakahusay tama!,Ay naku mali pa!
352,Powerplant,Pao_D_gentleman_Final_QUiz,"The surface temperature of the hot side of the furnace wall is 1200 degC. It is desired to maintain the outside of the wall at 38 degC. A 152 mm of refractory slice is used adjacent to the combustion chamber and 10 mm of steel covers the outside. What thickness of insulating bricks is necessary between refractory and steel, if the heat loss should be kept at 788 W/m^2?",220 mm,240 mm,260 mm,380 mm,A,Nice Napakahusay tama!,Ay naku mali pa!
353,Powerplant,Pao_D_gentleman_Final_QUiz,"An insulated steam pipe located where the ambient temperature is 32 degC, has an inside diameter of 50 mm with 10 mm thick wall. The outside diameter of the corrugated asbestos insulation is 125 mm and the surface coefficient of still air , ho = 12 W/m^2-K. inside the pipe is steam having a temperature of 150 degC with film coefficient of hi = 6000 W/m^2-K. thermal conductivity of pipe and asbestos insulation are 45 and 0.12 W/m-K respectively. Determine the heat loss per unit length of pipe.",110 W,120 W,130 W,140 W,B,Nice Napakahusay tama!,Ay naku mali pa!
354,Powerplant,Pao_D_gentleman_Final_QUiz,How many watts will be radiated from a spherical black body 15 cm in diameter at a temperature of 800 degC?,5.34 KW,4.34 KW,6.34 KW,3.34 KW,A,Nice Napakahusay tama!,Ay naku mali pa!
355,Powerplant,Pao_D_gentleman_Final_QUiz,"A wall with an area of 10 m^2 is made of 2 cm thickness of white pine (k=0.113 W/m^2-C) followed by 10 cm of brick (k=0.649 W/m-C). the pine us in the inside where the temperature is 30 degC while the outside temperature is 10 degC. Assuming equilibrium conditions exist, what is the temperature at the interface between the two metals?",15.55 degC,17.54 degC,18.21 degC,19.31 degC,D,Nice Napakahusay tama!,Ay naku mali pa!
356,Powerplant,Pao_D_gentleman_Final_QUiz,A counter flow heat exchanger is designed to heat fuel oil from 45 degC to 100 degC while the heating fluid enters at 150 degC and leaves at 155 degC. Calculate the arithmetic mean temperature difference.,40 degC,50 degC,60 degC,70 degC,C,Nice Napakahusay tama!,Ay naku mali pa!
357,Powerplant,Pao_D_gentleman_Final_QUiz,"With three different quantities x,y, and z of the same kind of liquid of temperature 9,21 and 38 degC respectively, it is found that when x, and y are mixed together the resultant temperature is 17 degC and when y and z are mixed together the resultant temperature is 28 degC. Find the resultant temperature if x and z were mixed.",29.87 degC,25.92 degC,20.85 degC,24.86 degC,B,Nice Napakahusay tama!,Ay naku mali pa!
358,Powerplant,Pao_D_gentleman_Final_QUiz,"The journals of a shaft are 380 mm diameters, it runs at 150 rpm the coefficient of friction between journals and bearing is 0.02. if the average load on the bearing is 200 KN, find the heat generated per minute at the bearing.",501.375 KJ,505.575 KJ,401.375 KJ,501.575 KJ,A,Nice Napakahusay tama!,Ay naku mali pa!
359,Powerplant,Pao_D_gentleman_Final_QUiz,"A reversible Carnot cycle requires 3 hp and extracts energy from a lake to heat a house. If the house is kept at 70 degF and requires 2000 btu per minute, what is the temperature of the lake?",35.29 degF,36.29 degF,39.29 degF,40.29 degF,B,Nice Napakahusay tama!,Ay naku mali pa!
360,Powerplant,Pao_D_gentleman_Final_QUiz,An oxygen cylinder of volume 2.3 ft^3 has a pressure of 2200 psig and is at 50 degF. Determine the mass of oxygen in the cylinder.,"25,66 Lbs",26.66 Lbs,27.66 Lbs,28.66 Lbs,D,Nice Napakahusay tama!,Ay naku mali pa!
361,Powerplant,Pao_D_gentleman_Final_QUiz,A group of 50 persons attend a secret meeting in room which is 12m wide by 10m long and a ceiling height of 3m. the room is completely sealed off and insulated. Each person gives off 150 Kcal per hour of heat and occupies a volume of 0.20 m^3. The room has an initial pressure of 101.3 Kpa and temperature of 16 degC. Calculate the room temperature after 10 minutes. Use R=0.287 Kj/kg-K and Cv=0.171 Kcal/kg-K.,33.1 degC,37.7 degC,38.7 degC,31.7 degC,A,Nice Napakahusay tama!,Ay naku mali pa!
362,Powerplant,Pao_D_gentleman_Final_QUiz,"One kilogram of wet steam at a pressure of 8 bar and dryness of 0.94 is expanded until the pressure is 4 bar. If expansion follows the law PVn=C, where n = 1.12, find the dryness fraction of the steam at the lower pressure.",0.9072,0.4197,0.2260,0.2404,A,Nice Napakahusay tama!,Ay naku mali pa!
363,Powerplant,Pao_D_gentleman_Final_QUiz,2.5 liters of superheated steam at 25 bar and 400 degC is expanded in an engine to a pressure of 0.1 bar when its dryness fraction is 0.9. find the final volume of the steam.,163.74 liters,263.74 liters,363.74 liters,463.74 liters,B,Nice Napakahusay tama!,Ay naku mali pa!
364,Powerplant,Pao_D_gentleman_Final_QUiz,A 1.5 kg of wet steam at a pressure of 5 bar dryness 0.95 is blown into 70 liters of water of 12 degC. Find the final enthalpy of the mixture.,74.80 KJ/kg,84.80 Kj/Kg,94.80 Kj/kg,104.80 Kj/kg,D,Nice Napakahusay tama!,Ay naku mali pa!
365,Powerplant,Pao_D_gentleman_Final_QUiz,"A 640 BHP diesel engine uses fuel oil of 28 deg API gravity, fuel consumption us 0.65 lb/BHP-hr. cost of fuel is P 7.95 per liter. For continuous operation, determine the minimum volume of cubical day tank in cm^3, ambient temperature is 45 degC.","4,372,890 cm^3","5,987,909 cm^3","5,291,880 cm^3","7,352,789 cm^3",C,Nice Napakahusay tama!,Ay naku mali pa!
366,Powerplant,Pao_D_gentleman_Final_QUiz,"A typical industrial fuel oil C16H32 with 20% excess air by weight. Assuming complete oxidation of the fuel, calculate the actual air-fuel ratio by weight.",17.56 kg air/kg fuel,15.76 kg air/ kg fuel,16.75 kg air/kg fuel,17.65 kg air/ kg fuel,D,Nice Napakahusay tama!,Ay naku mali pa!
367,Powerplant,Pao_D_gentleman_Final_QUiz,Fuel oil in a day tank for use of an industrial boiler is tested with hydrometer. The hydrometer reading indicate a S.G = 0.924 when the temperature of the oil in the tank is 35 degC. Calculate the higher heating value of the fuel.,"43,852.13 Kj/kg","53,852.13 Kj/Kg","58,352.13 Kj/Kg","48,352.13 Kj/Kg",D,Nice Napakahusay tama!,Ay naku mali pa!
368,Powerplant,Pao_D_gentleman_Final_QUiz,"A diesel electric plant supplies energy for meralco. During a 24 hr period, the plant consumed 200 gallons of fuel at 28 degC and produced 3930 KW-hr. industrial fuel used is 28 deg API and was purchased at P 5.50 per liter at 15.6 degC. What should be the cost of fuel be produced one KW-hr?",P 1.05,P 1.10,P 1.069,P 1.00,A,Nice Napakahusay tama!,Ay naku mali pa!
369,Powerplant,Pao_D_gentleman_Final_QUiz,"A certain coal has the following ultimate analysis:C = 70.5%H = 4.5 %O2 = 6%N2 = 1.0 %S = 3.0 %Ash = 11 %Moisture = 4%A stoker fired boiler of 175,000 kg/hr steaming capacity uses this coal as fuel. Calculate the volume of air in m^3/hr with air at 60 degF (15.6 degF) and 14.7 psia (101.325 Kpa) the coal is burned with 30 % excess air. boiler efficiency of 70 % and factor of evaporation of 1.10.","212, 861.04 m^3/kg","221, 861.04 m^3/kg","218,261.04 m^3/kg","281,261.04 m^3/kg",A,Nice Napakahusay tama!,Ay naku mali pa!
370,Powerplant,Pao_D_gentleman_Final_QUiz,Diesel power plant consumed 1 m^3 of fuel with 30 Deg API at 27 degC in 24 hrs. calculate the fuel rate in kg/hr.,840 kg/m^3,873 kg/m^3,970 kg/m^3,940 kg/m^3,C,Nice Napakahusay tama!,Ay naku mali pa!
371,Powerplant,Pao_D_gentleman_Final_QUiz,Diesel power plant consumed 1 m^3 of fuel with 30 Deg API at 27 degC in 24 hrs. calculate the fuel rate in kg/hr.,36.21,26.25,29.34,39.42,A,Nice Napakahusay tama!,Ay naku mali pa!
372,Powerplant,Pao_D_gentleman_Final_QUiz,"A water tube boiler has a capacity of 1000 kg/hr of steam. The factor of evaporation is 1.3 boiler rating is 200%, boiler efficiency is 65% heating surface area is 0.91 m^3 per bo.Hp, and the heating value of fuel is 18,400 Kcal/kg. the total coal available in the bunker is 50,000 kg. determine the no, of hrs to consume the available fuel.",853.36 hrs,706.57 hrs,979.46 hrs,100.75 hrs,A,Nice Napakahusay tama!,Ay naku mali pa!
373,Powerplant,Pao_D_gentleman_Final_QUiz,"Two boilers are operating steadily on 91,000 kg of coal contained in a bunker. One boiler is producing 1591 kg of steam per hour at 1.2 factor of evaporation and an efficiency of 65% and another boiler produced 1364 kg of steam per hour and 1.15 factor of evaporation and an efficiency of 60%. How many hours will the coal in the bunker run the boiler if the heating value of the coal is 7,590 Kcal/kg?",230.80 hrs,280.54 hrs,350.35 hrs,300.54 hrs,A,Nice Napakahusay tama!,Ay naku mali pa!
374,Powerplant,Pao_D_gentleman_Final_QUiz,"The heating value of fuel supplied in a boiler is 40,000 kj/kg. if the factor of evaporation is 1.10 and the actual specific evaporation is 10, what is the efficiency of the boiler?",62.70%,53.08 %,78.05 %,54.97 %,A,Nice Napakahusay tama!,Ay naku mali pa!
375,Powerplant,Pao_D_gentleman_Final_QUiz,"What is the rate of evaporation of a water tube boiler if the factor of evaporation is 1.10, percent rating of 100% and the heating surface area is 250 m^2?","7,816.16 kg/hr","7,898.67 kg/hr","6,789.45 kg/hr","5,768.54 kg/hr",A,Nice Napakahusay tama!,Ay naku mali pa!
376,Powerplant,Pao_D_gentleman_Final_QUiz,Steam is admitted to the cylinder of an engine in such a manner the average pressure is 120 psi. the diameter of the piston is 10 in. and the length of stroke is 12 in. what is the Hp of the engine when it is making 300 rpm?,171.4 Hp,175 Hp,173.2 Hp,174.4 Hp,A,Nice Napakahusay tama!,Ay naku mali pa!
377,Powerplant,Pao_D_gentleman_Final_QUiz,Steam enters the turbine stage with an enthalpy of 3628 Kj/kg at 70 m/s and leaves the same stage with an enthalpy of 2846 kj/kg and a velocity of 125 m/s. calculate the power if there are 5kg/s steam admitted at the turbine throttle?,4597.45 KW,3976.55 KW,3883.31 KW,1675.42 KW,C,Nice Napakahusay tama!,Ay naku mali pa!
378,Powerplant,Pao_D_gentleman_Final_QUiz,"Steam with an enthalpy of 800 kCal/kg enters a nozzle with a velocity of 80m/s. Find the velocity of steam at the exit of the nozzle if its enthalpy is reduced to 750kCal/kg, assuming the nozzle is horizontal and disregarding heat losses. Take g=9.81 m/s 2 and constant J=427 kgm/kCal.",452.37 m/s,245.45 m/s,651.92 m/s,427.54 m/s,C,Nice Napakahusay tama!,Ay naku mali pa!
379,Powerplant,Pao_D_gentleman_Final_QUiz,"Steam is expanded through a nozzle of the enthalpy drop per kg of steam from the intial pressure to the final pressure is 60 kj. Neglecting friction, find the velocity of discharge and exit area of the nozzle to pass 0.20kg/s if the specific volume of the steam at exit is 1.5 m3/kg.","346.4 m/s, 879 m2","356.7 m/s, 278 m2","765.6 m/s, 467 m2","346.4 m/s, 866 m2",D,Nice Napakahusay tama!,Ay naku mali pa!
380,Powerplant,Pao_D_gentleman_Final_QUiz,"A 6MW steam turbine generator power plant has a full-load rate of 8 kg/kW-hr. Assuming that no load steam consumption as 15% of full-load steam consumption., compute the hourly steam consumption at 75% load in kg/hr.","37,800 kg/hr","38,700 kg/hr","30,780 kg/hr","30,870 kg/hr",A,Nice Napakahusay tama!,Ay naku mali pa!
381,Powerplant,Pao_D_gentleman_Final_QUiz,A 4kg air enters a turbine with enthalpy of 600KJ and velocity of 250 m/s. The enthalpy at ecit is 486 KJ and velocity of 170m/s. What is the work developed if there is a heat loss of 10KJ?,128.83 kJ,171.2 kJ,80.2 kJ,28.3 kJ,B,Nice Napakahusay tama!,Ay naku mali pa!
382,Powerplant,Pao_D_gentleman_Final_QUiz,"Calculate drive horsepower for pumping 1703 L/min vold water to a tank suction at 127 mm Hg vacuum, delivery at 5.3 kg/cm2 ga., both measured close to pump, ep=0.65.",31.42 HP,20.42 HP,35.42 HP,23.02 HP,A,Nice Napakahusay tama!,Ay naku mali pa!
383,Powerplant,Pao_D_gentleman_Final_QUiz,"Find the length of a suspension bunker to contain 181 tons of coal without surcharge, width of 4.6 m; depth of 4.3 m. The level capacity of a suspension bunker is 5/8 wdL. Density of coal is 800 kg/m3.",18.30 m,12.80 m,17.61 m,12.61 m,A,Nice Napakahusay tama!,Ay naku mali pa!
384,Powerplant,Pao_D_gentleman_Final_QUiz,"A 305 mm x 457 mm four single acting diesel is rated at 150 kW at 260 rpm. Fuel consumption is at rated load 0.26 kg/kW-hr with a heating value of 43,912 kJ/kg. Calculate the brake thermal efficiency.",31.63%,41.64%,21.63%,35.63%,A,Nice Napakahusay tama!,Ay naku mali pa!
385,Powerplant,Pao_D_gentleman_Final_QUiz,The break thermal efficiency of a 1MW diesel electric plant is 35%. Find the heat generated by fuel in kW if generator efficiency is 89%.,3121.10 kW,3528.64 kW,4121.10 kW,4528.64 kW,A,Nice Napakahusay tama!,Ay naku mali pa!
386,Powerplant,Pao_D_gentleman_Final_QUiz,"In an air standard brayton cycle, the compressor receives air at 101.325 kPa, 21C and it leaves at 600kPa at the rate of 4kg/s. Det the turbine work if the temperature of the air entering the turbine is 1000C.",3000 kW,2701 kW,2028 kW,3500 kW,C,Nice Napakahusay tama!,Ay naku mali pa!
387,Powerplant,Pao_D_gentleman_Final_QUiz,"Kerosene is the fuel of gas turbine plant: fuel air ratio, mf=0.012, T3=972K, pressure ratio rp=4.5, exhaust to atmosphere. Find the available energy in kJ/kg air flow. Assume k=1.34 and Cp=1.13.",352.64 kJ/kg,452.64 kJ/kg,252.64 kJ/kg,552.64 kJ/kg,A,Nice Napakahusay tama!,Ay naku mali pa!
388,Powerplant,Pao_D_gentleman_Final_QUiz,An ideal gas turbine operates with a pressure ratio of 10 and the energy input in the high temperature heat exchanger is 300 kW. Calculate the air flow rate for a temperature limits of 30C and 1200C,0.25 kg/s,0.34 kg/s,0.41 kg/s,0.51 kg/s,B,Nice Napakahusay tama!,Ay naku mali pa!
389,Powerplant,Pao_D_gentleman_Final_QUiz,"In air standard brayton cycle, the inlet temperature and pressure are 20C and 101.325kPa. The turbine inlet condition is 1200 kPa and 900C. Det the air flow rate if the turbine produces 12 MW.",21.41 kg/s,20.20 kg/s,19.25 kg/s,18.10 kg/s,B,Nice Napakahusay tama!,Ay naku mali pa!
390,Powerplant,Pao_D_gentleman_Final_QUiz,"A gas turbine power plant operating on the brayton cycle delivers 15 MW to a standby electric generator. What is the mass flow rate and the volume flow rate of air if the minimum and maximum pressures are 100 kPa and 500 kPa respectively, and temperature of 20C and 1000C.","31.97 kg/s, 26.88 m3/s","36.98 kg/s, 28.99 m3/s","41.97 kg/s, 26.88 m3/s",46.98 kg/s 28.99 m3/s,A,Nice Napakahusay tama!,Ay naku mali pa!
391,Powerplant,Pao_D_gentleman_Final_QUiz,"IN a hydraulic plant, the difference in elevation between the surface of the water at intake and the tallrace is 650 ft when the flow is 90 cfs, the friction loss in the penstock is 65 ft and the head utilized by the turbine is 500 ft. The mechanical friction in the turbine 110 HP, and the leakage loss is 4cfs. Find the hydraulic efficiency.",87.45 %,84.57 %,85.47 %,78.54 %,C,Nice Napakahusay tama!,Ay naku mali pa!
392,Powerplant,Pao_D_gentleman_Final_QUiz,"Ahydro-electric power plant consumes 60,000,000 kW-hr/year. What is the net head if the expected flow is 1500 m3/min and over-all efficiency is 63%.",34.34 m,43.43 m,44.33 m,33.44 m,C,Nice Napakahusay tama!,Ay naku mali pa!
393,Powerplant,Pao_D_gentleman_Final_QUiz,A pelton type turbine has a gross head of 40 m and a friction head loss of 6m. What is the penstock diameter if the penstock length is 90m and the coefficient of friction head loss is 0.001 (Morse).,2040 mm,3120 mm,2440 mm,2320 mm,A,Nice Napakahusay tama!,Ay naku mali pa!
394,Powerplant,Pao_D_gentleman_Final_QUiz,The water velocity of a 5m x1m channel is 6m/s. What is the annual energy produced ifthe net head is 20m and the over-all efficiency is 80%?,"494,247,258 kW-hr","247,497,502 kW-hr","247,494,528 kW-hr","472,497,582 kW-hr",C,Nice Napakahusay tama!,Ay naku mali pa!
395,Powerplant,Pao_D_gentleman_Final_QUiz,"Hydro-electric impulse turbine is directly coupled to a 24 pole, 60Hz alternator. It has a specific speed of 60 rpm and develops 3000 Hp. What is the required diamtere assuming a peripheral speed ratio of 0.45.",0.661 m,0.552 m,0.443 m,0.775 m,A,Nice Napakahusay tama!,Ay naku mali pa!
396,Powerplant,Pao_D_gentleman_Final_QUiz,In a hydro-electric power plant the tailwater elevation is at 500m. What is the head water elevation if the head is 30m and the head loss is 5% of the gross head?,785.25 m,582.57 m,528.57m,758.25m,C,Nice Napakahusay tama!,Ay naku mali pa!
397,Powerplant,Pao_D_gentleman_Final_QUiz,The tailwater and the head water of a hydro-electric plant are 150m and 200m respectively. What is the power if the flow is 15m3/ and a head loss of 10% of the gross head?,6621.75 kW,621.65 kW,5621.76 kW,4621.56 kW,A,Nice Napakahusay tama!,Ay naku mali pa!
398,Powerplant,Pao_D_gentleman_Final_QUiz,"In a hydro-electric plant, water flows at 10m/s in a penstock of 1m3 cross-sectional area. If the net head of the plant is 30m and the turbine efficiency is 85%, what is the turbine output?",2501.55 kW,2100.21 kW,3626.34 kW,3124.65 kW,A,Nice Napakahusay tama!,Ay naku mali pa!
399,Powerplant,Pao_D_gentleman_Final_QUiz,A 75 MW power plant has an average load of 35000kW and load factor of 65%. Find reserve over peak.,21.15 MW,23.41 MW,25.38MW,18.75 MW,A,Nice Napakahusay tama!,Ay naku mali pa!
400,Powerplant,Pao_D_gentleman_Final_QUiz,A power plant is said to have/had a use factor of 48.5% and a capacity factor of 42.4%. How many hours did it operate during the year?,6600.32 hrs,7658.23 hrs,8600.32 hrs,5658.23 hrs,B,Nice Napakahusay tama!,Ay naku mali pa!
401,Powerplant,Pao_D_gentleman_Final_QUiz,Calculate the use factor of a power plant if the capacity factor is 35% and it operates 8000hrs during the year?,38.325 %,38.825 %,35.823 %,32.538 %,A,Nice Napakahusay tama!,Ay naku mali pa!
402,Powerplant,Pao_D_gentleman_Final_QUiz,"If the air required for combustion is 20kg/kg of coal and the boiler uses 3000kg of coal/hr, determine the mass gas entering the chimney. Assume an ash loss of 15%.","40,644 kg/hr","70,200 kg/hr","62,550 kg/hr","50,500 kg/hr",C,Nice Napakahusay tama!,Ay naku mali pa!
403,Powerplant,Pao_D_gentleman_Final_QUiz,"A 15kg gas enters a chimney at 10m/s. If the temperature and pressure of gas are 26C and 100kPa respectively, what is the diameter of chimney? R=0.287 kJ/kg-K.",1.57m,2.6m,2.22m,1.28m,D,Nice Napakahusay tama!,Ay naku mali pa!
404,Powerplant,Pao_D_gentleman_Final_QUiz,A two-stage air compressor at 90kPa and 20C discharges at 700kPa. Find the polytropic exponent if the intercooler intake temperature is 100C.,1.29,1.33,1.4,1.25,A,Nice Napakahusay tama!,Ay naku mali pa!
405,Powerplant,Pao_D_gentleman_Final_QUiz,A two-stage compressor receives 0.35 kg/s of air at 100kPa and 269K and delivers it at 5000kPa. Find the heat transferred in the intercooler.,70.49 kW,80.49 kW,90.49 kW,100.49 kW,A,Nice Napakahusay tama!,Ay naku mali pa!
406,Powerplant,Pao_D_gentleman_Final_QUiz,"A centrifugal pump is charged 20 L/s against a head of 17m when the speed is 1500 rpm. The diameter of the impeller was 30cm and the brake HP was 6.0. A geometrically similar pump 40cm in diameter is to run at 1750rpm. Assuming equal efficiencies, what BP is required?",51.55 HP,50.15 HP,40.14 HP,45.15 HP,C,Nice Napakahusay tama!,Ay naku mali pa!
407,Powerplant,Pao_D_gentleman_Final_QUiz,"A pump delivers a 20cfm of water having a density of 62 lb/ft3. The suction and discharge gage read 5 inHg of vacuum and 30psi respectively. The discharge gage is 5 ft above the suction gage. If pump efficiency is 70%, what is the motor power?",5.31 HP,3.31 HP,4.31 HP,6.31 HP,C,Nice Napakahusay tama!,Ay naku mali pa!
408,Powerplant,Pao_D_gentleman_Final_QUiz,Calculate the air power of a fan that delivers 1200m3/min of air through a 1m x 1.5m outlet. Static pressure is 120mm WG and density of air is 1.18.,20.45 HP,25.64 HP,30.45 HP,35.64 HP,B,Nice Napakahusay tama!,Ay naku mali pa!
409,Powerplant,Pao_D_gentleman_Final_QUiz,Determine the temperature for which a thermometer with degrees F is numerically twice the reading of the temperature in degrees C.,-24.6,320,160,-12.3,B,Nice Napakahusay tama!,Ay naku mali pa!
410,Powerplant,Pao_D_gentleman_Final_QUiz,"During takeoff in a spaceship, an astronaut is subjected to acceleration equal to 5 times the pull of the earth’s std.gravity. If the astronaut is 180 lb and takeoff vertical, what force does he exert on the seat?",4810.9 N,4415.9 N,8829 N,9620 N,A,Nice Napakahusay tama!,Ay naku mali pa!
411,Powerplant,Pao_D_gentleman_Final_QUiz,"A pressure cooker operates by cooking food at a higher pressure and temperature than is possible at atmospheric conditions. Steam is contained in the sealed pot, with vent hole in the middle of the cover, following the steam to escape. The pressure is regulated by covering the vent hole with a small weight, which is placed slightly by escaping steam. The pressure is regulated by covering the vent hole with a small weight, which is displaced slightly by escaping steam. Atmospheric pressure is 100kPa, the vent hole area is 7mm2 and the pressure inside should be 250kPa. What is the mass of the weight?",0.107 kg,1.05 kg,1.75 kg,0.1783 kg,A,Nice Napakahusay tama!,Ay naku mali pa!
412,Powerplant,Pao_D_gentleman_Final_QUiz,"A barometer can be used to measure an airplane’s altitude by comparing the barometric pressure at a given flying altitude to that on the ground. Determine an airplane’s altitude if the pilot measures the barometric pressure at 700 mmHg, the ground reports it at 758 mmHg and the average density is 1.19 kg/m3. G=9.8m/s2.",987 m,633 m,788 m,663 m,D,Nice Napakahusay tama!,Ay naku mali pa!
413,Powerplant,Pao_D_gentleman_Final_QUiz,A mixture of 0.4lbm of helium and 0.2 lbm of oxygen is compressed polytropically from 14.7psi and 60F to 60 psia according to n=1.4. Determine the final temperature.,727.7 R,777.2 R,722.7 R,277.7 R,B,Nice Napakahusay tama!,Ay naku mali pa!
414,Powerplant,Pao_D_gentleman_Final_QUiz,A mixture of 0.4lbm of helium and 0.2 lbm of oxygen is compressed polytropically from 14.7psi and 60F to 60 psia according to n=1. Determine the Polytropic work.,139 BTU,239 BTU,339 BTU,539 BTU,A,Nice Napakahusay tama!,Ay naku mali pa!
415,Powerplant,Pao_D_gentleman_Final_QUiz,"A pump in a municipality’s water supply system receives water from the filtration beds and pumps it up to the top of the water tower. The tower’s height is 35m, inlet piping of 2m below the pump’s intake. Temperature of water at 20C, measured at the bottom of the inlet and discharge from the pump. The mass flow rate through the pump is 100kg/s, diameter of the inlet piping is 25cm and the diameter of the discharge piping is 15cm. Determine the power required by the system.",77.3 KW,33.77 KW,34.42 KW,42.34 KW,B,Nice Napakahusay tama!,Ay naku mali pa!
416,Powerplant,Pao_D_gentleman_Final_QUiz,An adiabatic tank containing air used to power an air during times of peak power demand. The tank has a volume of 500m3 and contains air at 1000 kPa and 500K. Determine the mass remaining when the pressure reaches 100kPa.,276.37 kg,672.73 kg,772.73 kg,227.73 kg,B,Nice Napakahusay tama!,Ay naku mali pa!
417,Powerplant,Pao_D_gentleman_Final_QUiz,Determine the air fuel ratio on a molar basis for the complete combustion of octane with theoretical amount of air.,59.5 kgair/kgfuel,89.5 kgair/kgfuel,69.5 kgair/kgfuel,79.5 kgair/kgfuel,A,Nice Napakahusay tama!,Ay naku mali pa!
418,Powerplant,Pao_D_gentleman_Final_QUiz,"During a steady state operation, a gearbox receives 60kW through the input shaft and delivers power through the output shaft. For the gear box as the system, the rate of energy transfer is by convection. h=0.171 kW/m2K is the heat transfer coefficient, A=1m2 is the outer surface area of the gear box, Th=300K (27C) is the temperature and the outer surface, Tf=293K (20C) is the temperature of the surroundings away from the immediate vicinity if the gear box. Determine the power delivered to the output shaft in kW if the heat transfer rate is 1.2 kW.",98.8 KW,78.8 KW,68.8 KW,58.8 KW,D,Nice Napakahusay tama!,Ay naku mali pa!
419,Powerplant,Pao_D_gentleman_Final_QUiz,"A single acting air compressor with clearance of 6% takes in air atmospheric pressure at a temperature of 85F and discharged pressure of 85 psia. The air handled is 0.25 ft3/cycle measured at discharged pressure. If the compression is isentropic, find the piston displacement per cycle if the compressor is running at 750 rpm.",0.0750 ft3/cycle,0.025 ft3/cycle,1.030 ft3/cycle,1.090 ft3/cycle,C,Nice Napakahusay tama!,Ay naku mali pa!
420,Powerplant,Pao_D_gentleman_Final_QUiz,"A single acting air compressor with clearance of 6% takes in air atmospheric pressure at a temperature of 85F and discharged pressure of 85 psia. The air handled is 0.25 ft3/cycle measured at discharged pressure. If the compression is isentropic, find the air HP of the compressor if rpm is 750.",16 HP,96 HP,69 HP,61 HP,B,Nice Napakahusay tama!,Ay naku mali pa!
421,Powerplant,Pao_D_gentleman_Final_QUiz,A nozzle receives 0.5 ks/s of air pressure of 2700 kPa and a velocity of 30 m/s and enthalpy of 923 kJ/kg and the air leaves at a pressure of 700 kPa and with enthalpy of 660 kJ/kg. Determine the exit velocity from the nozzle.,923 m/s,726 m/s,700 m/s,660 m/s,B,Nice Napakahusay tama!,Ay naku mali pa!
422,Powerplant,Pao_D_gentleman_Final_QUiz,A 2-stage double-acting compressor is to deliver 90 lb/min of air from 14.3 psia and 90F to a final pressure of 185 psia. The normal barometer is 29.8 in-Hg and the temperature is 80F. The pressure drop in the inter cooler is 3psia and the speed is 210 rpm and pV1.34=C during compression and expansion. The clearance is 5% for both cylinders. The temperature of the cooling water increased by 18F. Find the volume of free air.,1282 CFM,1230 CFM,1320 CFM,1822 CFM,B,Nice Napakahusay tama!,Ay naku mali pa!
423,Powerplant,Pao_D_gentleman_Final_QUiz,Consider 4800 lb of steam per hour flowing through a pipe at 100 psia pressure. Ssume a velocity of 5280 ft/min. What size of pipe is required? Specific volume of steam at 100 psia v=4.432 ft3/lb.,3 in,5 in,4 in,6 in,C,Nice Napakahusay tama!,Ay naku mali pa!
424,Powerplant,Pao_D_gentleman_Final_QUiz,"A boiler plant generates 224,000 lb of steam and burns 13.9 tons of coal per hour. The coal has a heating value of 11400 BTU/lb. A test of a particulates leaving the boiler shows that 3804 lb of particulate is being discharged per hour. What is the particulate discharged per million BTU heat input to the furnace?",12 lb/106 BTU,14 lb/106 BTU,15 lb/106 BTU,16 lb/106 BTU,A,Nice Napakahusay tama!,Ay naku mali pa!
425,Powerplant,Pao_D_gentleman_Final_QUiz,A turbine receives 150 lbm/sec of air 63 psia and 2450R and expands it polytropically to 14.7 psia. The exponent “n” is equal to 1.45 for the process. Determine the power.,"52,343.16 BTU/sec","53,343.16 kW","53,343.16 HP","53,343.16 ft-lb/sec",A,Nice Napakahusay tama!,Ay naku mali pa!
426,Powerplant,Pao_D_gentleman_Final_QUiz,Find the thrust and efficiency of two 2-m diameter propellers through which flows a total of 600m3/s of air 11.3 N/m3. The propellers are attached to an airplane moving at 250 kph through still air. Neglect eddy losses.,"36,077 N, 73%","77,630 N, 37%","66,033 N, 33%","77,330 N, 77%",A,Nice Napakahusay tama!,Ay naku mali pa!
427,Powerplant,Pao_D_gentleman_Final_QUiz,"A liquid with a specific gravity of 1.26 is being pumped in a pipeline from A to B. At A, the pipe diameter is 60 cm and the pressure is 300 kN/m2. At B, the pipe diameter is 30cm, and the pressure is 330 kN/m2. Point B is 1.0m lower than A. Find the flow rate if the pump puts 16kW into the flow. Neglect head loss.",4.2 m3/s,0.42 m3/s,2.4 m3/s,0.24 m3/s,B,Nice Napakahusay tama!,Ay naku mali pa!
428,Powerplant,Pao_D_gentleman_Final_QUiz,"A reciprocating compressor handles 1,400 cfm of air measures at intake where p1=18 psia ant T1=90F.The discharged pressure is 92 psia. Calculate the work if the process of the compression is isothermal.",-180.5 HP,-179.5 HP,-227.6 HP,-228.6 HP,B,Nice Napakahusay tama!,Ay naku mali pa!
429,Powerplant,Pao_D_gentleman_Final_QUiz,"The fuel has the following analysis: C=89%, N2=2%, H2=8%, S=1% with excess air, what is the actual amount air needed to burn the fuel oil?",13.17 kgair/kgfuel,13.47 kgair/kgfuel,14.47 kgair/kgfuel,14.17 kgair/kgfuel,D,Nice Napakahusay tama!,Ay naku mali pa!
430,Powerplant,Pao_D_gentleman_Final_QUiz,A pump discharges 550 gpm of water to a height of 35 ft. With an efficiency of 80%. What is the power input?,6.09 HP,6.32 HP,4.74 HP,4.94 HP,A,Nice Napakahusay tama!,Ay naku mali pa!
431,Powerplant,Pao_D_gentleman_Final_QUiz,A room contains air at 20C and 96 kPA at a relative humidity of 75%. Determine the enthalpy of moist air.,45.919 KJ/kgda,45.515 KJ/kgda,49.515 KJ/kgda,41.815 KJ/kgda,C,Nice Napakahusay tama!,Ay naku mali pa!
432,Powerplant,Pao_D_gentleman_Final_QUiz,"A piston moves inside a cylinder at a velocity of 6.0m/s. The 160mm diameter piston is currently located within the 160.2mm inside diameter cylinder. The film of oil is separating the piston from the cylinder has an absolute viscosity of 0.4 N-s/m2. Assuming a linear velocity profile, find the shear stresses in the oil. (T= μV/H).","50,000 N/m2","40,000 N/m2","24,000 N/m2","34,000 N/m2",C,Nice Napakahusay tama!,Ay naku mali pa!
433,Powerplant,Pao_D_gentleman_Final_QUiz,"If the speed is to be increased to 1200 rpm, determine the impeller diameter that should be used so that the same shaft input power would be required.",5.32 ft,2.35 ft,5.23 ft,2.93 ft,B,Nice Napakahusay tama!,Ay naku mali pa!
434,Powerplant,Pao_D_gentleman_Final_QUiz,"Determine the mass of water vapour contained in a 150m3 room at 100 kPa, 23C and 40% relative humidity. From steam tables: Psat @ 23C=2.810 kPA.",1.6342 kg,1.9342 kg,1.2342 kg,2.2342 kg,C,Nice Napakahusay tama!,Ay naku mali pa!
435,Powerplant,Pao_D_gentleman_Final_QUiz,"What is the power of the pump, HP, if it delivers 925 gal/min of water against a head of 15m?",P=15.38 HP,P=16.38 HP,P=10.5 HP,P=11.5 HP,D,Nice Napakahusay tama!,Ay naku mali pa!
436,Powerplant,Pao_D_gentleman_Final_QUiz,"Kerosene is pumped into an aircraft fuel tank through a hose that has an inside diameter of 4cm. If the velocity of a kerosene is 8 m/s through the hose, determine the mass flow rate. Assume that kerosene has a density of 800 kg/m3.",7.06 kg/m3,7.56 kg/m3,8.06 kg/m3,8.56 kg/m3,C,Nice Napakahusay tama!,Ay naku mali pa!
437,Powerplant,Pao_D_gentleman_Final_QUiz,During the working stroke of an engine the heat transferred out of the system was 150 KJ/kg of working substance. The internal energy also decreased by 400 kJ/kg of working substance. Determine the work done.,250 kJ/kg,550 kJ/kg,600 kJ/kg,350 kJ/kg,A,Nice Napakahusay tama!,Ay naku mali pa!
438,Powerplant,Pao_D_gentleman_Final_QUiz,"During an experiment on Charles Law, the volume of gas trapped in the apparatus was 10000mm3 when the temperature was 18C. The temperature of the gas was then raised to 85C. Determine the new volume of gas trapped in the apparatus if the pressure exerted on the gas remained constant.",12302.41 mm3,8128.49 mm3,70833.33mm3,2117.64mm3,A,Nice Napakahusay tama!,Ay naku mali pa!
439,Powerplant,Pao_D_gentleman_Final_QUiz,Find the density of oil with a specific gravity of 1.6 in g/cm3.,15.68 g/cm3,99 g/cm3,0.8 g/cm3,1.6 g/cm3,D,Nice Napakahusay tama!,Ay naku mali pa!
440,Powerplant,Pao_D_gentleman_Final_QUiz,What is the absolute pressure if the gauge pressure is reading 9 bar and the atmospheric pressure is 0.9 bar?,6.3 bar,7.8 bar,9.9 bar,8.1 bar,C,Nice Napakahusay tama!,Ay naku mali pa!
441,Powerplant,Pao_D_gentleman_Final_QUiz,"The tank of an air compressor has a volume of 3ft3 and is filled with air at a temperature of 40F. If a gage on the tank reads 150 psig, what is the mass of the air in the tank?",1.78 lbs,2.00 lbs,2.67 lbs,1.98 lbs,C,Nice Napakahusay tama!,Ay naku mali pa!
442,Powerplant,Pao_D_gentleman_Final_QUiz,"What is the mass of acetylene gas, V=0.94 ft3, R=59.35 ftlb/lbR, T=90F, P=200psi.",0.816 lb,0.841 lb,0.829 lb,0.852 lb,C,Nice Napakahusay tama!,Ay naku mali pa!
443,Powerplant,Pao_D_gentleman_Final_QUiz,"Specific volume is the number of cubic meters of mixture per kilogram of dry air. If dry air has these following properties: Ra=287 J/kgK, T=303K, Pa=99.604 kPa. Solve for specific volume.",0.873 m3/kg,0.853 m3/kg,0.953 m3/kg,0.783 m3/kg,A,Nice Napakahusay tama!,Ay naku mali pa!
444,Powerplant,Pao_D_gentleman_Final_QUiz,A refrigerating system operates on the reversed carnot cycle.The higher temperature of the refrigerant in the system is 120F and the lower is 10F. The capacity is 20 tons. Neglect losses. Determine the coefficient of performance.,2.732,5.373,7.372,4.273,D,Nice Napakahusay tama!,Ay naku mali pa!
445,Powerplant,Pao_D_gentleman_Final_QUiz,"At a pressure of 60F, a motor bike ire is inflated to 33psi. As it is driven along the C-5 road, the temperature rise to 76F. Assuming the volume remains constant. Determine the final pressure.",34.47 psi,49.17 psi,35.00 psi,34.30 psi,A,Nice Napakahusay tama!,Ay naku mali pa!
446,Powerplant,Pao_D_gentleman_Final_QUiz,"Steam enters a turbine stage with an enthalpy of 3700 KJ/kg and a velocity of 80 m/s and leaves with an enthalpy of 2864 KJ/kg with a velocity of 128 m/s. If the rate of a steam flow through the turbine is 0.44 kg/s, what is the work done in KW?",365 kW,365.64 kW,366 kW,366.50 kW,B,Nice Napakahusay tama!,Ay naku mali pa!
447,Powerplant,Pao_D_gentleman_Final_QUiz,Aluminum has a specific heat of 0.902 j/gC. How much heat is lost when a piece of aluminium with a mass of 23.984g cools from a temperature of 415C to a temperature of 22C?,8500 J,6000 J,"80,000 J",7500K,A,Nice Napakahusay tama!,Ay naku mali pa!
448,Powerplant,Pao_D_gentleman_Final_QUiz,"If the temperature of an air parcel is 20.5C, and its density is 0.690 kg/m3, what is the pressure of the air parcel?",40 kPa,50 kPa,60 kPa,70 kPa,B,Nice Napakahusay tama!,Ay naku mali pa!
449,Powerplant,Pao_D_gentleman_Final_QUiz,"35 mL sample of gas is enclosed in a flask at 22C. If the flask was placed in an ice bath at 0 deg Celcius, what would the new gas volume be if the pressure is held constant?",1 mL,32.1 mL,32.39 mL,33.1 mL,C,Nice Napakahusay tama!,Ay naku mali pa!
450,Powerplant,Pao_D_gentleman_Final_QUiz,A car engine with a power output of 65 HP has a thermal efficiency of 14%. Determine the fuel consumption of this car if the fuel HV of 19000 BTU/lbm.,36.28 lb/hr,37.28 lb/hr,37.28 lb/hr,35.30 lb/hr,A,Nice Napakahusay tama!,Ay naku mali pa!
451,Powerplant,Pao_D_gentleman_Final_QUiz,The thermal eff of a carnot cycle operating between 170C and 620C is closest to:,44%,50%,63%,73%,B,Nice Napakahusay tama!,Ay naku mali pa!
452,Powerplant,Pao_D_gentleman_Final_QUiz,Compute the humidity ratio of air at 70% relative humidity and 25C when the barometric pressure is 101.325 pa. From steam tables: Psat at 34C=3.168 kPa.,0.014 kg water vapour/kg da,0.14 kg water vapour/kg da,1.4 kg water vapour/kg da,0.0014 kg water vapour/kg da,A,Nice Napakahusay tama!,Ay naku mali pa!
453,Powerplant,Pao_D_gentleman_Final_QUiz,A pressure gage registers 50 psi in a region where the barometer reads 14.8 psi. Find the absolute pressure in kPa.,666.66 kPa,556.66 kPa,446.66 kPa,336.6 kPa,C,Nice Napakahusay tama!,Ay naku mali pa!
454,Powerplant,Pao_D_gentleman_Final_QUiz,Consider 1kg of air at 32C that expanded by a reversible polytropic process with n=1.23 until the pressure is lived. Determine the heat transfer if the Sp.heat at constant volume of air is 0.1786 kJ/kgK.,17.02 kJ heat rejected,7.05 kJ heat rejected,17.02 kJ heat added,7.05 kJ heat added,C,Nice Napakahusay tama!,Ay naku mali pa!
455,Powerplant,Pao_D_gentleman_Final_QUiz,A motorcycle uses nitrogen (k=1.399) as the working substance. The heat supplied is 54 kJ and the adiabatic expansion ratio is 10. Determine the heat rejected.,10 kJ,32.4 kJ,21.6 kJ,54 kJ,C,Nice Napakahusay tama!,Ay naku mali pa!
456,Powerplant,Pao_D_gentleman_Final_QUiz,A tank contains 20 kg of air at 200 kPa (gage) and 23C. During heating g process the temperature of air rises. For safety purposes a technician installed a relief-cycle type valve so that pressure of air inside the tank never exceed 260 kPa (gage). At wht air temperature the relief valve will start releasing air?,112 C,92 C,82 C,102 C,C,Nice Napakahusay tama!,Ay naku mali pa!
457,Powerplant,Pao_D_gentleman_Final_QUiz,"An air compressor takes in 9 kg/min of air at 98 kPa, V1=0.125 m3/kg and discharges it at 680 kPa, V2=0.03 m3/kg. The increase of internal energy is 93 kJ/kg and the work done on air is 163 kJ/kg; the change in potential and kinetic energy are neglected. How much heat is transferred per kg of air?",264.15 kJ/kg,61.85 kJ/kg,288.65 kJ/kg,78.15 kJ/kg,B,Nice Napakahusay tama!,Ay naku mali pa!
458,Powerplant,Pao_D_gentleman_Final_QUiz,During a reversible process there are abstracted 317 kJ/s from 1.134 kg/s from 1.134 kg/s of a certain gas while the temperature remains constant at 26.7C. For this gas Co=2.232 and Cv=1.713 kJ/kgK. The initial pressure is 586 kPa. Determine the final volume flow rate.,0.301 m3/s,0.03 m3/s,0.5 m3/s,0.05 m3/s,D,Nice Napakahusay tama!,Ay naku mali pa!
459,Powerplant,Pao_D_gentleman_Final_QUiz,Flow of water in a pipe has a velocity at 10m/s. Determine the velocity head of the water.,50.1 m,5.10 m,8.20 m,100m,B,Nice Napakahusay tama!,Ay naku mali pa!
460,Powerplant,Pao_D_gentleman_Final_QUiz,A diesel cycle has a cut-off ratio of 2.20 and a compression ratio of 1.0. Find cycle efficiency.,55.1 %,59.735%,52.23 %,62.37 %,C,Nice Napakahusay tama!,Ay naku mali pa!
461,Powerplant,Pao_D_gentleman_Final_QUiz,A diesel cycle has an initial temperature of 27C. If the cut-off ratio is 2.50 and compression ratio is 12. Find the maximum cycle temperature.,1634.4 C,1753.44 C,2010.3 C,1983.4 C,B,Nice Napakahusay tama!,Ay naku mali pa!
462,Powerplant,Pao_D_gentleman_Final_QUiz,"A diesel engine which takes in air at 1 bar, 26C has a compression ratio of 19. Determine the operating clearance in percent.",8.08,8.56,7.52,5.55,D,Nice Napakahusay tama!,Ay naku mali pa!
463,Powerplant,Pao_D_gentleman_Final_QUiz,Otto Cycle has an initial pressure of 100 kPa and has a pressure of 400 kPa after adiabatic compression. Find cycle efficiency.,32.70%,34.70%,36.70%,38.70%,A,Nice Napakahusay tama!,Ay naku mali pa!
464,Powerplant,Pao_D_gentleman_Final_QUiz,Otto cycle has a clearance of 8% and heat added of 1000 kJ. Find the heat rejected.,364 KJ,353 KJ,709 KJ,867 KJ,B,Nice Napakahusay tama!,Ay naku mali pa!
465,Powerplant,Pao_D_gentleman_Final_QUiz,An otto cycle has a heat rejected 300 kJ and work of 700 kJ. Find the cycle efficiency.,56%,60%,70%,50%,C,Nice Napakahusay tama!,Ay naku mali pa!
466,Powerplant,Pao_D_gentleman_Final_QUiz,An otto cycle has a pressure ratio of 7. What is the cycle compression ratio?,5.18,6.34,7.34,4.01,D,Nice Napakahusay tama!,Ay naku mali pa!
467,Powerplant,Pao_D_gentleman_Final_QUiz,Find the power a rotating shaft which develops a torque of 188 Nm at 1350 rpm.,101.54 HP,53.63 HP,63.35 HP,35.63 HP,D,Nice Napakahusay tama!,Ay naku mali pa!
468,Powerplant,Pao_D_gentleman_Final_QUiz,Determine the pressure exerted on a diver at 30m below the free surface of the sea. Assume a barometric pressure of 101 kPa and specific gravity of sea water is 1.03.,404 kPa,410 kPa,420 kPa,430 kPa,A,Nice Napakahusay tama!,Ay naku mali pa!
469,Powerplant,Pao_D_gentleman_Final_QUiz,"An air compressor has an inlet enthalpy of 35 BTU/lb and an exit enthalpy of 70 BTU/lb. The mass flow rate of air is 3 lb/s. If the heat loss is 466.62 BTU/min, find the work input to the compressor.",139.59 HP,149.59 HP,159.59 HP,169.59 HP,C,Nice Napakahusay tama!,Ay naku mali pa!
470,Powerplant,Pao_D_gentleman_Final_QUiz,An automobile vacuum gauge reads 600 mmHg when the barometer reads 760 mmHg. What is the absolute condenser pressure in bar?,0.0213,0.061,0.213,0.610,C,Nice Napakahusay tama!,Ay naku mali pa!
471,Powerplant,Pao_D_gentleman_Final_QUiz,"Water flows in a pipe at the rate of 10 kg/s. If the velocity of the flow is 10 m/s, find the pipe diameter",30.23 mm,35.68 mm,38.39 mm,42.39 mm,B,Nice Napakahusay tama!,Ay naku mali pa!
472,Powerplant,Pao_D_gentleman_Final_QUiz,What is the resulting pressure when one kg of air at 104 kPa and 98C is heated at constant volume to 450C?,202.67 kPa,194.67 kPa,186.53 kPa,198.65 kPa,A,Nice Napakahusay tama!,Ay naku mali pa!
473,Powerplant,Pao_D_gentleman_Final_QUiz,Determine the degrees of superheat of steam at 101.325 kPa and 170C.,50 C,70 C,60 C,80 C,B,Nice Napakahusay tama!,Ay naku mali pa!
474,Powerplant,Pao_D_gentleman_Final_QUiz,Calculate approximate enthalpy of water at 90C.,366.83 kJ/kg,376.83 kJ/kg,386.83 kJ/kg,396.83 kJ/kg,B,Nice Napakahusay tama!,Ay naku mali pa!
475,Powerplant,Pao_D_gentleman_Final_QUiz,A carnot cycle operates between 30C and 350C. Find the cycle efficiency.,51.36%,63.45%,45.37%,76.45%,A,Nice Napakahusay tama!,Ay naku mali pa!
476,Powerplant,Pao_D_gentleman_Final_QUiz,"A carnot cycle has a temperature of 550F and minimum temperature of 100F. If the heat added is 4200 BTU/min, find HP output of the engine.",34.53,40.56,44.13,65.40,C,Nice Napakahusay tama!,Ay naku mali pa!
477,Powerplant,Pao_D_gentleman_Final_QUiz,A carnot cycle has a sink temperature of 100F and cycle eff of 70%. Find the temperature of the heat source.,1306.70F,1406.70F,1506.70F,1606.70F,B,Nice Napakahusay tama!,Ay naku mali pa!
478,Powerplant,Pao_D_gentleman_Final_QUiz,The quality of steam is 20%. This means that:,"Mass of liquid is 20%, mass vapour is 80%","Mass of liquid is 100%, mass of vapour is 0%","Mass of liquid is 80%, mass of vapour is 20%",None of the above,C,Nice Napakahusay tama!,Ay naku mali pa!
479,Powerplant,Pao_D_gentleman_Final_QUiz,50 kg of cooling water per second enter the condenser at 25C and leaves at 50C. Find the heat carried away by water.,1234.45 kW,5233.75 kW,2340.53 kW,3140.25 kW,B,Nice Napakahusay tama!,Ay naku mali pa!
480,Powerplant,Pao_D_gentleman_Final_QUiz,"10 kg/s of steam enter the turbine with an enthalpy of 3200 kJ/kg and enter the condenser with an enthalpy of 2500 kJ/kg in a rankine cycle. If the turbine eff is 80% and the generator eff is 90%, determine the power plant output.",4320 kW,3213 kW,4056 kW,5040 kW,D,Nice Napakahusay tama!,Ay naku mali pa!
481,Powerplant,Pao_D_gentleman_Final_QUiz,Determine the quality of steam in a vessel containing 2 kg of saturated vapour and 8 kg of saturated liquid.,100%,20%,80%,60%,B,Nice Napakahusay tama!,Ay naku mali pa!
482,Powerplant,Pao_D_gentleman_Final_QUiz,The condenser of a reheat power plant rejects heat at the rate of 600 kW. The mass flow rate of cooling water is 5 kg/s and the inlet cooling water temperature is 35C. Calculate the condenser cooling water exit.,43.45 C,53.45 C,63.66 C,74.34 C,C,Nice Napakahusay tama!,Ay naku mali pa!
483,Powerplant,Pao_D_gentleman_Final_QUiz,A heat engine has a thermal efficiency of 50%. How much power does the engine produce when heat is transferred at a rate of 109 kj/hr?,50 MW,75 MW,138 MW,147 MW,C,Nice Napakahusay tama!,Ay naku mali pa!
484,Powerplant,Pao_D_gentleman_Final_QUiz,1 kg of air is compressed adiabatically and in a steady flow manner. The compression eff is 80% and the work done on the air is 265 kJ/kg. Compute the heat.,212 kJ/kg,100 kJ/kg,0 kJ/kg,331.25 kJ/kg,C,Nice Napakahusay tama!,Ay naku mali pa!
485,Powerplant,Pao_D_gentleman_Final_QUiz,"A 300 kJ of heat flows by conduction from the outside to the inside of a cold storage in one hour. If the temperature and all other conditions are the same, what is the heat flowing through the cold storage room in two hours?",600 kJ,900 kJ,300 kJ,1200 kJ,A,Nice Napakahusay tama!,Ay naku mali pa!
486,Powerplant,Pao_D_gentleman_Final_QUiz,Determine the sp.heat weight of air at 760 mmHg absolute and 22C?,1.014 kg/m3,1.316 kg/m3,1.197 kg/m3,1.266 kg/m3,C,Nice Napakahusay tama!,Ay naku mali pa!
487,Powerplant,Pao_D_gentleman_Final_QUiz,A refrigerant machine that is classified as a one-ton machine has the capacity to produce a cooling effect of:,3.517 kW,"12,000 BTU/hr",211 kJ/min,All of the above,D,Nice Napakahusay tama!,Ay naku mali pa!
